model_name,size
HOM_BHCabinet_MV1_1,"(2438, 914, 609)"
HOM_BHCabinet_MV1_2,"(2438, 914, 609)"
HOM_BHCabinet_MV1_3,"(2438, 914, 609)"
HOM_BHCabinet_MV1_4,"(2438, 914, 609)"
HOM_BHCabinet_MV1_5,"(2438, 914, 609)"
HOM_BHCabinet_MV1_6,"(2438, 914, 609)"
HOM_BHCabinet_MMV1_1,"(2438, 914, 609)"
HOM_BHCabinet_MMV1_2,"(2438, 914, 609)"
HOM_BHCabinet_MMV1_3,"(2438, 914, 609)"
HOM_BHCabinet_MMV1_4,"(2438, 914, 609)"
HOM_BHCabinet_MMV1_5,"(2438, 914, 609)"
HOM_BHCabinet_MMV1_6,"(2438, 914, 609)"
HOM_BHCabinet_IV1_1,"(2438, 914, 609)"
HOM_BHCabinet_IV1_2,"(2438, 914, 609)"
HOM_BHCabinet_IV1_3,"(2438, 914, 609)"
HOM_BHCabinet_IV1_4,"(2438, 914, 609)"
HOM_BHCabinet_IV1_5,"(2438, 914, 609)"
HOM_BHCabinet_IV1_6,"(2438, 914, 609)"
HOM_BHCabinet_SV1_1,"(2438, 914, 609)"
HOM_BHCabinet_SV1_2,"(2438, 914, 609)"
HOM_BHCabinet_SV1_3,"(2438, 914, 609)"
HOM_BHCabinet_SV1_4,"(2438, 914, 609)"
HOM_BHCabinet_SV1_5,"(2438, 914, 609)"
HOM_BHCabinet_SV1_6,"(2438, 914, 609)"
HOM_BHCabinet_MV2_1,"(2438, 914, 609)"
HOM_BHCabinet_MV2_2,"(2438, 914, 609)"
HOM_BHCabinet_MV2_3,"(2438, 914, 609)"
HOM_BHCabinet_MV2_4,"(2438, 914, 609)"
HOM_BHCabinet_MV2_5,"(2438, 914, 609)"
HOM_BHCabinet_MV2_6,"(2438, 914, 609)"
HOM_BHCabinet_MMV2_1,"(2438, 914, 609)"
HOM_BHCabinet_MMV2_2,"(2438, 914, 609)"
HOM_BHCabinet_MMV2_3,"(2438, 914, 609)"
HOM_BHCabinet_MMV2_4,"(2438, 914, 609)"
HOM_BHCabinet_MMV2_5,"(2438, 914, 609)"
HOM_BHCabinet_MMV2_6,"(2438, 914, 609)"
HOM_BHCabinet_IV2_1,"(2438, 914, 609)"
HOM_BHCabinet_IV2_2,"(2438, 914, 609)"
HOM_BHCabinet_IV2_3,"(2438, 914, 609)"
HOM_BHCabinet_IV2_4,"(2438, 914, 609)"
HOM_BHCabinet_IV2_5,"(2438, 914, 609)"
HOM_BHCabinet_IV2_6,"(2438, 914, 609)"
HOM_BHCabinet_SV2_1,"(2438, 914, 609)"
HOM_BHCabinet_SV2_2,"(2438, 914, 609)"
HOM_BHCabinet_SV2_3,"(2438, 914, 609)"
HOM_BHCabinet_SV2_4,"(2438, 914, 609)"
HOM_BHCabinet_SV2_5,"(2438, 914, 609)"
HOM_BHCabinet_SV2_6,"(2438, 914, 609)"
HOM_BHCabinet_MV3_1,"(2438, 914, 609)"
HOM_BHCabinet_MV3_2,"(2438, 914, 609)"
HOM_BHCabinet_MV3_3,"(2438, 914, 609)"
HOM_BHCabinet_MV3_4,"(2438, 914, 609)"
HOM_BHCabinet_MV3_5,"(2438, 914, 609)"
HOM_BHCabinet_MV3_6,"(2438, 914, 609)"
HOM_BHCabinet_MMV3_1,"(2438, 914, 609)"
HOM_BHCabinet_MMV3_2,"(2438, 914, 609)"
HOM_BHCabinet_MMV3_3,"(2438, 914, 609)"
HOM_BHCabinet_MMV3_4,"(2438, 914, 609)"
HOM_BHCabinet_MMV3_5,"(2438, 914, 609)"
HOM_BHCabinet_MMV3_6,"(2438, 914, 609)"
HOM_BHCabinet_IV3_1,"(2438, 914, 609)"
HOM_BHCabinet_IV3_2,"(2438, 914, 609)"
HOM_BHCabinet_IV3_3,"(2438, 914, 609)"
HOM_BHCabinet_IV3_4,"(2438, 914, 609)"
HOM_BHCabinet_IV3_5,"(2438, 914, 609)"
HOM_BHCabinet_IV3_6,"(2438, 914, 609)"
HOM_BHCabinet_SV3_1,"(2438, 914, 609)"
HOM_BHCabinet_SV3_2,"(2438, 914, 609)"
HOM_BHCabinet_SV3_3,"(2438, 914, 609)"
HOM_BHCabinet_SV3_4,"(2438, 914, 609)"
HOM_BHCabinet_SV3_5,"(2438, 914, 609)"
HOM_BHCabinet_SV3_6,"(2438, 914, 609)"
HOM_BHCabinet_MV1_1_B,"(2438, 914, 609)"
HOM_BHCabinet_MV1_2_B,"(2438, 914, 609)"
HOM_BHCabinet_MV1_3_B,"(2438, 914, 609)"
HOM_BHCabinet_MV1_4_B,"(2438, 914, 609)"
HOM_BHCabinet_MV1_5_B,"(2438, 914, 609)"
HOM_BHCabinet_MV1_6_B,"(2438, 914, 609)"
HOM_BHCabinet_MMV1_1_B,"(2438, 914, 609)"
HOM_BHCabinet_MMV1_2_B,"(2438, 914, 609)"
HOM_BHCabinet_MMV1_3_B,"(2438, 914, 609)"
HOM_BHCabinet_MMV1_4_B,"(2438, 914, 609)"
HOM_BHCabinet_MMV1_5_B,"(2438, 914, 609)"
HOM_BHCabinet_MMV1_6_B,"(2438, 914, 609)"
HOM_BHCabinet_IV1_1_B,"(2438, 914, 609)"
HOM_BHCabinet_IV1_2_B,"(2438, 914, 609)"
HOM_BHCabinet_IV1_3_B,"(2438, 914, 609)"
HOM_BHCabinet_IV1_4_B,"(2438, 914, 609)"
HOM_BHCabinet_IV1_5_B,"(2438, 914, 609)"
HOM_BHCabinet_IV1_6_B,"(2438, 914, 609)"
HOM_BHCabinet_SV1_1_B,"(2438, 914, 609)"
HOM_BHCabinet_SV1_2_B,"(2438, 914, 609)"
HOM_BHCabinet_SV1_3_B,"(2438, 914, 609)"
HOM_BHCabinet_SV1_4_B,"(2438, 914, 609)"
HOM_BHCabinet_SV1_5_B,"(2438, 914, 609)"
HOM_BHCabinet_SV1_6_B,"(2438, 914, 609)"
HOM_BHCabinet_MV2_1_B,"(2438, 914, 609)"
HOM_BHCabinet_MV2_2_B,"(2438, 914, 609)"
HOM_BHCabinet_MV2_3_B,"(2438, 914, 609)"
HOM_BHCabinet_MV2_4_B,"(2438, 914, 609)"
HOM_BHCabinet_MV2_5_B,"(2438, 914, 609)"
HOM_BHCabinet_MV2_6_B,"(2438, 914, 609)"
HOM_BHCabinet_MMV2_1_B,"(2438, 914, 609)"
HOM_BHCabinet_MMV2_2_B,"(2438, 914, 609)"
HOM_BHCabinet_MMV2_3_B,"(2438, 914, 609)"
HOM_BHCabinet_MMV2_4_B,"(2438, 914, 609)"
HOM_BHCabinet_MMV2_5_B,"(2438, 914, 609)"
HOM_BHCabinet_MMV2_6_B,"(2438, 914, 609)"
HOM_BHCabinet_IV2_1_B,"(2438, 914, 609)"
HOM_BHCabinet_IV2_2_B,"(2438, 914, 609)"
HOM_BHCabinet_IV2_3_B,"(2438, 914, 609)"
HOM_BHCabinet_IV2_4_B,"(2438, 914, 609)"
HOM_BHCabinet_IV2_5_B,"(2438, 914, 609)"
HOM_BHCabinet_IV2_6_B,"(2438, 914, 609)"
HOM_BHCabinet_SV2_1_B,"(2438, 914, 609)"
HOM_BHCabinet_SV2_2_B,"(2438, 914, 609)"
HOM_BHCabinet_SV2_3_B,"(2438, 914, 609)"
HOM_BHCabinet_SV2_4_B,"(2438, 914, 609)"
HOM_BHCabinet_SV2_5_B,"(2438, 914, 609)"
HOM_BHCabinet_SV2_6_B,"(2438, 914, 609)"
HOM_BHCabinet_MV3_1_B,"(2438, 914, 609)"
HOM_BHCabinet_MV3_2_B,"(2438, 914, 609)"
HOM_BHCabinet_MV3_3_B,"(2438, 914, 609)"
HOM_BHCabinet_MV3_4_B,"(2438, 914, 609)"
HOM_BHCabinet_MV3_5_B,"(2438, 914, 609)"
HOM_BHCabinet_MV3_6_B,"(2438, 914, 609)"
HOM_BHCabinet_MMV3_1_B,"(2438, 914, 609)"
HOM_BHCabinet_MMV3_2_B,"(2438, 914, 609)"
HOM_BHCabinet_MMV3_3_B,"(2438, 914, 609)"
HOM_BHCabinet_MMV3_4_B,"(2438, 914, 609)"
HOM_BHCabinet_MMV3_5_B,"(2438, 914, 609)"
HOM_BHCabinet_MMV3_6_B,"(2438, 914, 609)"
HOM_BHCabinet_IV3_1_B,"(2438, 914, 609)"
HOM_BHCabinet_IV3_2_B,"(2438, 914, 609)"
HOM_BHCabinet_IV3_3_B,"(2438, 914, 609)"
HOM_BHCabinet_IV3_4_B,"(2438, 914, 609)"
HOM_BHCabinet_IV3_5_B,"(2438, 914, 609)"
HOM_BHCabinet_IV3_6_B,"(2438, 914, 609)"
HOM_BHCabinet_SV3_1_B,"(2438, 914, 609)"
HOM_BHCabinet_SV3_2_B,"(2438, 914, 609)"
HOM_BHCabinet_SV3_3_B,"(2438, 914, 609)"
HOM_BHCabinet_SV3_4_B,"(2438, 914, 609)"
HOM_BHCabinet_SV3_5_B,"(2438, 914, 609)"
HOM_BHCabinet_SV3_6_B,"(2438, 914, 609)"
HOM_THCabinet_MV1_1,"(2438, 915, 322)"
HOM_THCabinet_MMV1_1,"(2438, 915, 322)"
HOM_THCabinet_IV1_1,"(2438, 915, 322)"
HOM_THCabinet_SV1_1,"(2438, 915, 322)"
HOM_THCabinet_MV2_1,"(2438, 915, 322)"
HOM_THCabinet_MMV2_1,"(2438, 915, 322)"
HOM_THCabinet_IV2_1,"(2438, 915, 322)"
HOM_THCabinet_SV2_1,"(2438, 915, 322)"
HOM_THCabinet_MV3_1,"(2438, 915, 322)"
HOM_THCabinet_MMV3_1,"(2438, 915, 322)"
HOM_THCabinet_IV3_1,"(2438, 915, 322)"
HOM_THCabinet_SV3_1,"(2438, 915, 322)"
COH_KC_MV1_1,"(1878, 2500, 3570)"
COH_KC_MV1_2,"(1878, 2500, 3570)"
COH_KC_MV1_3,"(1878, 2500, 3570)"
COH_KC_MV1_4,"(1878, 2500, 3570)"
COH_KC_MV1_5,"(1878, 2500, 3570)"
COH_KC_MV1_6,"(1878, 2500, 3570)"
COH_KC_MMV1_1,"(2438, 2438, 609)"
COH_KC_MMV1_2,"(2438, 2438, 609)"
COH_KC_MMV1_3,"(2438, 2438, 609)"
COH_KC_MMV1_4,"(2438, 2438, 609)"
COH_KC_MMV1_5,"(2438, 2438, 609)"
COH_KC_MMV1_6,"(2438, 2438, 609)"
COH_KC_IV1_1,"(3399, 2500, 2500)"
COH_KC_IV1_2,"(3399, 2500, 2500)"
COH_KC_IV1_3,"(3399, 2500, 2500)"
COH_KC_IV1_4,"(3399, 2500, 2500)"
COH_KC_IV1_5,"(3399, 2500, 2500)"
COH_KC_IV1_6,"(3399, 2500, 2500)"
COH_KC_SV1_1,"(2438, 2438, 1524)"
COH_KC_SV1_2,"(2438, 2438, 1524)"
COH_KC_SV1_3,"(2438, 2438, 1524)"
COH_KC_SV1_4,"(2438, 2438, 1524)"
COH_KC_SV1_5,"(2438, 2438, 1524)"
COH_KC_SV1_6,"(2438, 2438, 1524)"
COH_KC_MV2_1,"(2441, 2438, 609)"
COH_KC_MV2_2,"(2441, 2438, 609)"
COH_KC_MV2_3,"(2441, 2438, 609)"
COH_KC_MV2_4,"(2441, 2438, 609)"
COH_KC_MV2_5,"(2441, 2438, 609)"
COH_KC_MV2_6,"(2441, 2438, 609)"
COH_KC_MMV2_1,"(2439, 2438, 610)"
COH_KC_MMV2_2,"(2439, 2438, 610)"
COH_KC_MMV2_3,"(2439, 2438, 610)"
COH_KC_MMV2_4,"(2439, 2438, 610)"
COH_KC_MMV2_5,"(2439, 2438, 610)"
COH_KC_MMV2_6,"(2439, 2438, 610)"
COH_KC_IV2_1,"(2438, 2438, 612)"
COH_KC_IV2_2,"(2438, 2438, 612)"
COH_KC_IV2_3,"(2438, 2438, 612)"
COH_KC_IV2_4,"(2438, 2438, 612)"
COH_KC_IV2_5,"(2438, 2438, 612)"
COH_KC_IV2_6,"(2438, 2438, 612)"
COH_KC_SV2_1,"(2438, 2438, 1525)"
COH_KC_SV2_2,"(2438, 2438, 1525)"
COH_KC_SV2_3,"(2438, 2438, 1525)"
COH_KC_SV2_4,"(2438, 2438, 1525)"
COH_KC_SV2_5,"(2438, 2438, 1525)"
COH_KC_SV2_6,"(2438, 2438, 1525)"
COH_KC_MV3_1,"(2438, 2439, 1524)"
COH_KC_MV3_2,"(2438, 2439, 1524)"
COH_KC_MV3_3,"(2438, 2439, 1524)"
COH_KC_MV3_4,"(2438, 2439, 1524)"
COH_KC_MV3_5,"(2438, 2439, 1524)"
COH_KC_MV3_6,"(2438, 2439, 1524)"
COH_KC_MMV3_1,"(2438, 2438, 1524)"
COH_KC_MMV3_2,"(2438, 2438, 1524)"
COH_KC_MMV3_3,"(2438, 2438, 1524)"
COH_KC_MMV3_4,"(2438, 2438, 1524)"
COH_KC_MMV3_5,"(2438, 2438, 1524)"
COH_KC_MMV3_6,"(2438, 2438, 1524)"
COH_KC_IV3_1,"(2438, 2438, 1524)"
COH_KC_IV3_2,"(2438, 2438, 1524)"
COH_KC_IV3_3,"(2438, 2438, 1524)"
COH_KC_IV3_4,"(2438, 2438, 1524)"
COH_KC_IV3_5,"(2438, 2438, 1524)"
COH_KC_IV3_6,"(2438, 2438, 1524)"
COH_KC_SV3_1,"(2439, 2438, 1524)"
COH_KC_SV3_2,"(2439, 2438, 1524)"
COH_KC_SV3_3,"(2439, 2438, 1524)"
COH_KC_SV3_4,"(2439, 2438, 1524)"
COH_KC_SV3_5,"(2439, 2438, 1524)"
COH_KC_SV3_6,"(2439, 2438, 1524)"
COH_KI_MV1_1,"(1524, 914, 609)"
COH_KI_MV1_2,"(1524, 914, 609)"
COH_KI_MV1_3,"(1524, 914, 609)"
COH_KI_MV1_4,"(1524, 914, 609)"
COH_KI_MV1_5,"(1524, 914, 609)"
COH_KI_MV1_6,"(1524, 914, 609)"
COH_KI_MMV1_1,"(1524, 914, 609)"
COH_KI_MMV1_2,"(1524, 914, 609)"
COH_KI_MMV1_3,"(1524, 914, 609)"
COH_KI_MMV1_4,"(1524, 914, 609)"
COH_KI_MMV1_5,"(1524, 914, 609)"
COH_KI_MMV1_6,"(1524, 914, 609)"
COH_KI_IV1_1,"(1524, 914, 609)"
COH_KI_IV1_2,"(1524, 914, 609)"
COH_KI_IV1_3,"(1524, 914, 609)"
COH_KI_IV1_4,"(1524, 914, 609)"
COH_KI_IV1_5,"(1524, 914, 609)"
COH_KI_IV1_6,"(1524, 914, 609)"
COH_KI_SV1_1,"(1524, 914, 609)"
COH_KI_SV1_2,"(1524, 914, 609)"
COH_KI_SV1_3,"(1524, 914, 609)"
COH_KI_SV1_4,"(1524, 914, 609)"
COH_KI_SV1_5,"(1524, 914, 609)"
COH_KI_SV1_6,"(1524, 914, 609)"
COH_KI_MV2_1,"(1524, 914, 609)"
COH_KI_MV2_2,"(1524, 914, 609)"
COH_KI_MV2_3,"(1524, 914, 609)"
COH_KI_MV2_4,"(1524, 914, 609)"
COH_KI_MV2_5,"(1524, 914, 609)"
COH_KI_MV2_6,"(1524, 914, 609)"
COH_KI_MMV2_1,"(1524, 914, 609)"
COH_KI_MMV2_2,"(1524, 914, 609)"
COH_KI_MMV2_3,"(1524, 914, 609)"
COH_KI_MMV2_4,"(1524, 914, 609)"
COH_KI_MMV2_5,"(1524, 914, 609)"
COH_KI_MMV2_6,"(1524, 914, 609)"
COH_KI_IV2_1,"(1524, 914, 609)"
COH_KI_IV2_2,"(1524, 914, 609)"
COH_KI_IV2_3,"(1524, 914, 609)"
COH_KI_IV2_4,"(1524, 914, 609)"
COH_KI_IV2_5,"(1524, 914, 609)"
COH_KI_IV2_6,"(1524, 914, 609)"
COH_KI_SV2_1,"(1524, 914, 609)"
COH_KI_SV2_2,"(1524, 914, 609)"
COH_KI_SV2_3,"(1524, 914, 609)"
COH_KI_SV2_4,"(1524, 914, 609)"
COH_KI_SV2_5,"(1524, 914, 609)"
COH_KI_SV2_6,"(1524, 914, 609)"
COH_KI_MV3_1,"(1524, 914, 609)"
COH_KI_MV3_2,"(1524, 914, 609)"
COH_KI_MV3_3,"(1524, 914, 609)"
COH_KI_MV3_4,"(1524, 914, 609)"
COH_KI_MV3_5,"(1524, 914, 609)"
COH_KI_MV3_6,"(1524, 914, 609)"
COH_KI_MMV3_1,"(1524, 914, 609)"
COH_KI_MMV3_2,"(1524, 914, 609)"
COH_KI_MMV3_3,"(1524, 914, 609)"
COH_KI_MMV3_4,"(1524, 914, 609)"
COH_KI_MMV3_5,"(1524, 914, 609)"
COH_KI_MMV3_6,"(1524, 914, 609)"
COH_KI_IV3_1,"(1524, 914, 609)"
COH_KI_IV3_2,"(1524, 914, 609)"
COH_KI_IV3_3,"(1524, 914, 609)"
COH_KI_IV3_4,"(1524, 914, 609)"
COH_KI_IV3_5,"(1524, 914, 609)"
COH_KI_IV3_6,"(1524, 914, 609)"
COH_KI_SV3_1,"(1524, 914, 609)"
COH_KI_SV3_2,"(1524, 914, 609)"
COH_KI_SV3_3,"(1524, 914, 609)"
COH_KI_SV3_4,"(1524, 914, 609)"
COH_KI_SV3_5,"(1524, 914, 609)"
COH_KI_SV3_6,"(1524, 914, 609)"
COH_KI_MV1_1_2,"(1524, 914, 609)"
COH_KI_MV1_2_2,"(1524, 914, 609)"
COH_KI_MV1_3_2,"(1524, 914, 609)"
COH_KI_MV1_4_2,"(1524, 914, 609)"
COH_KI_MV1_5_2,"(1524, 914, 609)"
COH_KI_MV1_6_2,"(1524, 914, 609)"
COH_KI_MMV1_1_2,"(1524, 914, 609)"
COH_KI_MMV1_2_2,"(1524, 914, 609)"
COH_KI_MMV1_3_2,"(1524, 914, 609)"
COH_KI_MMV1_4_2,"(1524, 914, 609)"
COH_KI_MMV1_5_2,"(1524, 914, 609)"
COH_KI_MMV1_6_2,"(1524, 914, 609)"
COH_KI_IV1_1_2,"(1524, 914, 609)"
COH_KI_IV1_2_2,"(1524, 914, 609)"
COH_KI_IV1_3_2,"(1524, 914, 609)"
COH_KI_IV1_4_2,"(1524, 914, 609)"
COH_KI_IV1_5_2,"(1524, 914, 609)"
COH_KI_IV1_6_2,"(1524, 914, 609)"
COH_KI_SV1_1_2,"(1524, 914, 609)"
COH_KI_SV1_2_2,"(1524, 914, 609)"
COH_KI_SV1_3_2,"(1524, 914, 609)"
COH_KI_SV1_4_2,"(1524, 914, 609)"
COH_KI_SV1_5_2,"(1524, 914, 609)"
COH_KI_SV1_6_2,"(1524, 914, 609)"
COH_KI_MV2_1_2,"(1524, 914, 609)"
COH_KI_MV2_2_2,"(1524, 914, 609)"
COH_KI_MV2_3_2,"(1524, 914, 609)"
COH_KI_MV2_4_2,"(1524, 914, 609)"
COH_KI_MV2_5_2,"(1524, 914, 609)"
COH_KI_MV2_6_2,"(1524, 914, 609)"
COH_KI_MMV2_1_2,"(1524, 914, 609)"
COH_KI_MMV2_2_2,"(1524, 914, 609)"
COH_KI_MMV2_3_2,"(1524, 914, 609)"
COH_KI_MMV2_4_2,"(1524, 914, 609)"
COH_KI_MMV2_5_2,"(1524, 914, 609)"
COH_KI_MMV2_6_2,"(1524, 914, 609)"
COH_KI_IV2_1_2,"(1524, 914, 609)"
COH_KI_IV2_2_2,"(1524, 914, 609)"
COH_KI_IV2_3_2,"(1524, 914, 609)"
COH_KI_IV2_4_2,"(1524, 914, 609)"
COH_KI_IV2_5_2,"(1524, 914, 609)"
COH_KI_IV2_6_2,"(1524, 914, 609)"
COH_KI_SV2_1_2,"(1524, 914, 609)"
COH_KI_SV2_2_2,"(1524, 914, 609)"
COH_KI_SV2_3_2,"(1524, 914, 609)"
COH_KI_SV2_4_2,"(1524, 914, 609)"
COH_KI_SV2_5_2,"(1524, 914, 609)"
COH_KI_SV2_6_2,"(1524, 914, 609)"
COH_KI_MV3_1_2,"(1524, 914, 609)"
COH_KI_MV3_2_2,"(1524, 914, 609)"
COH_KI_MV3_3_2,"(1524, 914, 609)"
COH_KI_MV3_4_2,"(1524, 914, 609)"
COH_KI_MV3_5_2,"(1524, 914, 609)"
COH_KI_MV3_6_2,"(1524, 914, 609)"
COH_KI_MMV3_1_2,"(1524, 914, 609)"
COH_KI_MMV3_2_2,"(1524, 914, 609)"
COH_KI_MMV3_3_2,"(1524, 914, 609)"
COH_KI_MMV3_4_2,"(1524, 914, 609)"
COH_KI_MMV3_5_2,"(1524, 914, 609)"
COH_KI_MMV3_6_2,"(1524, 914, 609)"
COH_KI_IV3_1_2,"(1524, 914, 609)"
COH_KI_IV3_2_2,"(1524, 914, 609)"
COH_KI_IV3_3_2,"(1524, 914, 609)"
COH_KI_IV3_4_2,"(1524, 914, 609)"
COH_KI_IV3_5_2,"(1524, 914, 609)"
COH_KI_IV3_6_2,"(1524, 914, 609)"
COH_KI_SV3_1_2,"(1524, 914, 609)"
COH_KI_SV3_2_2,"(1524, 914, 609)"
COH_KI_SV3_3_2,"(1524, 914, 609)"
COH_KI_SV3_4_2,"(1524, 914, 609)"
COH_KI_SV3_5_2,"(1524, 914, 609)"
COH_KI_SV3_6_2,"(1524, 914, 609)"
COH_KI_MV1_1_800,"(1524, 914, 800)"
COH_KI_MV1_2_800,"(1524, 914, 800)"
COH_KI_MV1_3_800,"(1524, 914, 800)"
COH_KI_MV1_4_800,"(1524, 914, 800)"
COH_KI_MV1_5_800,"(1524, 914, 800)"
COH_KI_MV1_6_800,"(1524, 914, 800)"
COH_KI_MMV1_1_800,"(1524, 914, 800)"
COH_KI_MMV1_2_800,"(1524, 914, 800)"
COH_KI_MMV1_3_800,"(1524, 914, 800)"
COH_KI_MMV1_4_800,"(1524, 914, 800)"
COH_KI_MMV1_5_800,"(1524, 914, 800)"
COH_KI_MMV1_6_800,"(1524, 914, 800)"
COH_KI_IV1_1_800,"(1524, 914, 800)"
COH_KI_IV1_2_800,"(1524, 914, 800)"
COH_KI_IV1_3_800,"(1524, 914, 800)"
COH_KI_IV1_4_800,"(1524, 914, 800)"
COH_KI_IV1_5_800,"(1524, 914, 800)"
COH_KI_IV1_6_800,"(1524, 914, 800)"
COH_KI_SV1_1_800,"(1524, 914, 800)"
COH_KI_SV1_2_800,"(1524, 914, 800)"
COH_KI_SV1_3_800,"(1524, 914, 800)"
COH_KI_SV1_4_800,"(1524, 914, 800)"
COH_KI_SV1_5_800,"(1524, 914, 800)"
COH_KI_SV1_6_800,"(1524, 914, 800)"
COH_KI_MV2_1_800,"(1524, 914, 800)"
COH_KI_MV2_2_800,"(1524, 914, 800)"
COH_KI_MV2_3_800,"(1524, 914, 800)"
COH_KI_MV2_4_800,"(1524, 914, 800)"
COH_KI_MV2_5_800,"(1524, 914, 800)"
COH_KI_MV2_6_800,"(1524, 914, 800)"
COH_KI_MMV2_1_800,"(1524, 914, 800)"
COH_KI_MMV2_2_800,"(1524, 914, 800)"
COH_KI_MMV2_3_800,"(1524, 914, 800)"
COH_KI_MMV2_4_800,"(1524, 914, 800)"
COH_KI_MMV2_5_800,"(1524, 914, 800)"
COH_KI_MMV2_6_800,"(1524, 914, 800)"
COH_KI_IV2_1_800,"(1524, 914, 800)"
COH_KI_IV2_2_800,"(1524, 914, 800)"
COH_KI_IV2_3_800,"(1524, 914, 800)"
COH_KI_IV2_4_800,"(1524, 914, 800)"
COH_KI_IV2_5_800,"(1524, 914, 800)"
COH_KI_IV2_6_800,"(1524, 914, 800)"
COH_KI_SV2_1_800,"(1524, 914, 800)"
COH_KI_SV2_2_800,"(1524, 914, 800)"
COH_KI_SV2_3_800,"(1524, 914, 800)"
COH_KI_SV2_4_800,"(1524, 914, 800)"
COH_KI_SV2_5_800,"(1524, 914, 800)"
COH_KI_SV2_6_800,"(1524, 914, 800)"
COH_KI_MV3_1_800,"(1524, 914, 800)"
COH_KI_MV3_2_800,"(1524, 914, 800)"
COH_KI_MV3_3_800,"(1524, 914, 800)"
COH_KI_MV3_4_800,"(1524, 914, 800)"
COH_KI_MV3_5_800,"(1524, 914, 800)"
COH_KI_MV3_6_800,"(1524, 914, 800)"
COH_KI_MMV3_1_800,"(1524, 914, 800)"
COH_KI_MMV3_2_800,"(1524, 914, 800)"
COH_KI_MMV3_3_800,"(1524, 914, 800)"
COH_KI_MMV3_4_800,"(1524, 914, 800)"
COH_KI_MMV3_5_800,"(1524, 914, 800)"
COH_KI_MMV3_6_800,"(1524, 914, 800)"
COH_KI_IV3_1_800,"(1524, 914, 800)"
COH_KI_IV3_2_800,"(1524, 914, 800)"
COH_KI_IV3_3_800,"(1524, 914, 800)"
COH_KI_IV3_4_800,"(1524, 914, 800)"
COH_KI_IV3_5_800,"(1524, 914, 800)"
COH_KI_IV3_6_800,"(1524, 914, 800)"
COH_KI_SV3_1_800,"(1524, 914, 800)"
COH_KI_SV3_2_800,"(1524, 914, 800)"
COH_KI_SV3_3_800,"(1524, 914, 800)"
COH_KI_SV3_4_800,"(1524, 914, 800)"
COH_KI_SV3_5_800,"(1524, 914, 800)"
COH_KI_SV3_6_800,"(1524, 914, 800)"
COH_KI_MV1_1_2_800,"(1524, 914, 800)"
COH_KI_MV1_2_2_800,"(1524, 914, 800)"
COH_KI_MV1_3_2_800,"(1524, 914, 800)"
COH_KI_MV1_4_2_800,"(1524, 914, 800)"
COH_KI_MV1_5_2_800,"(1524, 914, 800)"
COH_KI_MV1_6_2_800,"(1524, 914, 800)"
COH_KI_MMV1_1_2_800,"(1524, 914, 800)"
COH_KI_MMV1_2_2_800,"(1524, 914, 800)"
COH_KI_MMV1_3_2_800,"(1524, 914, 800)"
COH_KI_MMV1_4_2_800,"(1524, 914, 800)"
COH_KI_MMV1_5_2_800,"(1524, 914, 800)"
COH_KI_MMV1_6_2_800,"(1524, 914, 800)"
COH_KI_IV1_1_2_800,"(1524, 914, 800)"
COH_KI_IV1_2_2_800,"(1524, 914, 800)"
COH_KI_IV1_3_2_800,"(1524, 914, 800)"
COH_KI_IV1_4_2_800,"(1524, 914, 800)"
COH_KI_IV1_5_2_800,"(1524, 914, 800)"
COH_KI_IV1_6_2_800,"(1524, 914, 800)"
COH_KI_SV1_1_2_800,"(1524, 914, 800)"
COH_KI_SV1_2_2_800,"(1524, 914, 800)"
COH_KI_SV1_3_2_800,"(1524, 914, 800)"
COH_KI_SV1_4_2_800,"(1524, 914, 800)"
COH_KI_SV1_5_2_800,"(1524, 914, 800)"
COH_KI_SV1_6_2_800,"(1524, 914, 800)"
COH_KI_MV2_1_2_800,"(1524, 914, 800)"
COH_KI_MV2_2_2_800,"(1524, 914, 800)"
COH_KI_MV2_3_2_800,"(1524, 914, 800)"
COH_KI_MV2_4_2_800,"(1524, 914, 800)"
COH_KI_MV2_5_2_800,"(1524, 914, 800)"
COH_KI_MV2_6_2_800,"(1524, 914, 800)"
COH_KI_MMV2_1_2_800,"(1524, 914, 800)"
COH_KI_MMV2_2_2_800,"(1524, 914, 800)"
COH_KI_MMV2_3_2_800,"(1524, 914, 800)"
COH_KI_MMV2_4_2_800,"(1524, 914, 800)"
COH_KI_MMV2_5_2_800,"(1524, 914, 800)"
COH_KI_MMV2_6_2_800,"(1524, 914, 800)"
COH_KI_IV2_1_2_800,"(1524, 914, 800)"
COH_KI_IV2_2_2_800,"(1524, 914, 800)"
COH_KI_IV2_3_2_800,"(1524, 914, 800)"
COH_KI_IV2_4_2_800,"(1524, 914, 800)"
COH_KI_IV2_5_2_800,"(1524, 914, 800)"
COH_KI_IV2_6_2_800,"(1524, 914, 800)"
COH_KI_SV2_1_2_800,"(1524, 914, 800)"
COH_KI_SV2_2_2_800,"(1524, 914, 800)"
COH_KI_SV2_3_2_800,"(1524, 914, 800)"
COH_KI_SV2_4_2_800,"(1524, 914, 800)"
COH_KI_SV2_5_2_800,"(1524, 914, 800)"
COH_KI_SV2_6_2_800,"(1524, 914, 800)"
COH_KI_MV3_1_2_800,"(1524, 914, 800)"
COH_KI_MV3_2_2_800,"(1524, 914, 800)"
COH_KI_MV3_3_2_800,"(1524, 914, 800)"
COH_KI_MV3_4_2_800,"(1524, 914, 800)"
COH_KI_MV3_5_2_800,"(1524, 914, 800)"
COH_KI_MV3_6_2_800,"(1524, 914, 800)"
COH_KI_MMV3_1_2_800,"(1524, 914, 800)"
COH_KI_MMV3_2_2_800,"(1524, 914, 800)"
COH_KI_MMV3_3_2_800,"(1524, 914, 800)"
COH_KI_MMV3_4_2_800,"(1524, 914, 800)"
COH_KI_MMV3_5_2_800,"(1524, 914, 800)"
COH_KI_MMV3_6_2_800,"(1524, 914, 800)"
COH_KI_IV3_1_2_800,"(1524, 914, 800)"
COH_KI_IV3_2_2_800,"(1524, 914, 800)"
COH_KI_IV3_3_2_800,"(1524, 914, 800)"
COH_KI_IV3_4_2_800,"(1524, 914, 800)"
COH_KI_IV3_5_2_800,"(1524, 914, 800)"
COH_KI_IV3_6_2_800,"(1524, 914, 800)"
COH_KI_SV3_1_2_800,"(1524, 914, 800)"
COH_KI_SV3_2_2_800,"(1524, 914, 800)"
COH_KI_SV3_3_2_800,"(1524, 914, 800)"
COH_KI_SV3_4_2_800,"(1524, 914, 800)"
COH_KI_SV3_5_2_800,"(1524, 914, 800)"
COH_KI_SV3_6_2_800,"(1524, 914, 800)"
COH_KI_MV1_1_B,"(1524, 914, 609)"
COH_KI_MV1_2_B,"(1524, 914, 609)"
COH_KI_MV1_3_B,"(1524, 914, 609)"
COH_KI_MV1_4_B,"(1524, 914, 609)"
COH_KI_MV1_5_B,"(1524, 914, 609)"
COH_KI_MV1_6_B,"(1524, 914, 609)"
COH_KI_MMV1_1_B,"(1524, 914, 609)"
COH_KI_MMV1_2_B,"(1524, 914, 609)"
COH_KI_MMV1_3_B,"(1524, 914, 609)"
COH_KI_MMV1_4_B,"(1524, 914, 609)"
COH_KI_MMV1_5_B,"(1524, 914, 609)"
COH_KI_MMV1_6_B,"(1524, 914, 609)"
COH_KI_IV1_1_B,"(1524, 914, 609)"
COH_KI_IV1_2_B,"(1524, 914, 609)"
COH_KI_IV1_3_B,"(1524, 914, 609)"
COH_KI_IV1_4_B,"(1524, 914, 609)"
COH_KI_IV1_5_B,"(1524, 914, 609)"
COH_KI_IV1_6_B,"(1524, 914, 609)"
COH_KI_SV1_1_B,"(1524, 914, 609)"
COH_KI_SV1_2_B,"(1524, 914, 609)"
COH_KI_SV1_3_B,"(1524, 914, 609)"
COH_KI_SV1_4_B,"(1524, 914, 609)"
COH_KI_SV1_5_B,"(1524, 914, 609)"
COH_KI_SV1_6_B,"(1524, 914, 609)"
COH_KI_MV2_1_B,"(1524, 914, 609)"
COH_KI_MV2_2_B,"(1524, 914, 609)"
COH_KI_MV2_3_B,"(1524, 914, 609)"
COH_KI_MV2_4_B,"(1524, 914, 609)"
COH_KI_MV2_5_B,"(1524, 914, 609)"
COH_KI_MV2_6_B,"(1524, 914, 609)"
COH_KI_MMV2_1_B,"(1524, 914, 609)"
COH_KI_MMV2_2_B,"(1524, 914, 609)"
COH_KI_MMV2_3_B,"(1524, 914, 609)"
COH_KI_MMV2_4_B,"(1524, 914, 609)"
COH_KI_MMV2_5_B,"(1524, 914, 609)"
COH_KI_MMV2_6_B,"(1524, 914, 609)"
COH_KI_IV2_1_B,"(1524, 914, 609)"
COH_KI_IV2_2_B,"(1524, 914, 609)"
COH_KI_IV2_3_B,"(1524, 914, 609)"
COH_KI_IV2_4_B,"(1524, 914, 609)"
COH_KI_IV2_5_B,"(1524, 914, 609)"
COH_KI_IV2_6_B,"(1524, 914, 609)"
COH_KI_SV2_1_B,"(1524, 914, 609)"
COH_KI_SV2_2_B,"(1524, 914, 609)"
COH_KI_SV2_3_B,"(1524, 914, 609)"
COH_KI_SV2_4_B,"(1524, 914, 609)"
COH_KI_SV2_5_B,"(1524, 914, 609)"
COH_KI_SV2_6_B,"(1524, 914, 609)"
COH_KI_MV3_1_B,"(1524, 914, 609)"
COH_KI_MV3_2_B,"(1524, 914, 609)"
COH_KI_MV3_3_B,"(1524, 914, 609)"
COH_KI_MV3_4_B,"(1524, 914, 609)"
COH_KI_MV3_5_B,"(1524, 914, 609)"
COH_KI_MV3_6_B,"(1524, 914, 609)"
COH_KI_MMV3_1_B,"(1524, 914, 609)"
COH_KI_MMV3_2_B,"(1524, 914, 609)"
COH_KI_MMV3_3_B,"(1524, 914, 609)"
COH_KI_MMV3_4_B,"(1524, 914, 609)"
COH_KI_MMV3_5_B,"(1524, 914, 609)"
COH_KI_MMV3_6_B,"(1524, 914, 609)"
COH_KI_IV3_1_B,"(1524, 914, 609)"
COH_KI_IV3_2_B,"(1524, 914, 609)"
COH_KI_IV3_3_B,"(1524, 914, 609)"
COH_KI_IV3_4_B,"(1524, 914, 609)"
COH_KI_IV3_5_B,"(1524, 914, 609)"
COH_KI_IV3_6_B,"(1524, 914, 609)"
COH_KI_SV3_1_B,"(1524, 914, 609)"
COH_KI_SV3_2_B,"(1524, 914, 609)"
COH_KI_SV3_3_B,"(1524, 914, 609)"
COH_KI_SV3_4_B,"(1524, 914, 609)"
COH_KI_SV3_5_B,"(1524, 914, 609)"
COH_KI_SV3_6_B,"(1524, 914, 609)"
COH_KI_MV1_1_2_B,"(1524, 914, 609)"
COH_KI_MV1_2_2_B,"(1524, 914, 609)"
COH_KI_MV1_3_2_B,"(1524, 914, 609)"
COH_KI_MV1_4_2_B,"(1524, 914, 609)"
COH_KI_MV1_5_2_B,"(1524, 914, 609)"
COH_KI_MV1_6_2_B,"(1524, 914, 609)"
COH_KI_MMV1_1_2_B,"(1524, 914, 609)"
COH_KI_MMV1_2_2_B,"(1524, 914, 609)"
COH_KI_MMV1_3_2_B,"(1524, 914, 609)"
COH_KI_MMV1_4_2_B,"(1524, 914, 609)"
COH_KI_MMV1_5_2_B,"(1524, 914, 609)"
COH_KI_MMV1_6_2_B,"(1524, 914, 609)"
COH_KI_IV1_1_2_B,"(1524, 914, 609)"
COH_KI_IV1_2_2_B,"(1524, 914, 609)"
COH_KI_IV1_3_2_B,"(1524, 914, 609)"
COH_KI_IV1_4_2_B,"(1524, 914, 609)"
COH_KI_IV1_5_2_B,"(1524, 914, 609)"
COH_KI_IV1_6_2_B,"(1524, 914, 609)"
COH_KI_SV1_1_2_B,"(1524, 914, 609)"
COH_KI_SV1_2_2_B,"(1524, 914, 609)"
COH_KI_SV1_3_2_B,"(1524, 914, 609)"
COH_KI_SV1_4_2_B,"(1524, 914, 609)"
COH_KI_SV1_5_2_B,"(1524, 914, 609)"
COH_KI_SV1_6_2_B,"(1524, 914, 609)"
COH_KI_MV2_1_2_B,"(1524, 914, 609)"
COH_KI_MV2_2_2_B,"(1524, 914, 609)"
COH_KI_MV2_3_2_B,"(1524, 914, 609)"
COH_KI_MV2_4_2_B,"(1524, 914, 609)"
COH_KI_MV2_5_2_B,"(1524, 914, 609)"
COH_KI_MV2_6_2_B,"(1524, 914, 609)"
COH_KI_MMV2_1_2_B,"(1524, 914, 609)"
COH_KI_MMV2_2_2_B,"(1524, 914, 609)"
COH_KI_MMV2_3_2_B,"(1524, 914, 609)"
COH_KI_MMV2_4_2_B,"(1524, 914, 609)"
COH_KI_MMV2_5_2_B,"(1524, 914, 609)"
COH_KI_MMV2_6_2_B,"(1524, 914, 609)"
COH_KI_IV2_1_2_B,"(1524, 914, 609)"
COH_KI_IV2_2_2_B,"(1524, 914, 609)"
COH_KI_IV2_3_2_B,"(1524, 914, 609)"
COH_KI_IV2_4_2_B,"(1524, 914, 609)"
COH_KI_IV2_5_2_B,"(1524, 914, 609)"
COH_KI_IV2_6_2_B,"(1524, 914, 609)"
COH_KI_SV2_1_2_B,"(1524, 914, 609)"
COH_KI_SV2_2_2_B,"(1524, 914, 609)"
COH_KI_SV2_3_2_B,"(1524, 914, 609)"
COH_KI_SV2_4_2_B,"(1524, 914, 609)"
COH_KI_SV2_5_2_B,"(1524, 914, 609)"
COH_KI_SV2_6_2_B,"(1524, 914, 609)"
COH_KI_MV3_1_2_B,"(1524, 914, 609)"
COH_KI_MV3_2_2_B,"(1524, 914, 609)"
COH_KI_MV3_3_2_B,"(1524, 914, 609)"
COH_KI_MV3_4_2_B,"(1524, 914, 609)"
COH_KI_MV3_5_2_B,"(1524, 914, 609)"
COH_KI_MV3_6_2_B,"(1524, 914, 609)"
COH_KI_MMV3_1_2_B,"(1524, 914, 609)"
COH_KI_MMV3_2_2_B,"(1524, 914, 609)"
COH_KI_MMV3_3_2_B,"(1524, 914, 609)"
COH_KI_MMV3_4_2_B,"(1524, 914, 609)"
COH_KI_MMV3_5_2_B,"(1524, 914, 609)"
COH_KI_MMV3_6_2_B,"(1524, 914, 609)"
COH_KI_IV3_1_2_B,"(1524, 914, 609)"
COH_KI_IV3_2_2_B,"(1524, 914, 609)"
COH_KI_IV3_3_2_B,"(1524, 914, 609)"
COH_KI_IV3_4_2_B,"(1524, 914, 609)"
COH_KI_IV3_5_2_B,"(1524, 914, 609)"
COH_KI_IV3_6_2_B,"(1524, 914, 609)"
COH_KI_SV3_1_2_B,"(1524, 914, 609)"
COH_KI_SV3_2_2_B,"(1524, 914, 609)"
COH_KI_SV3_3_2_B,"(1524, 914, 609)"
COH_KI_SV3_4_2_B,"(1524, 914, 609)"
COH_KI_SV3_5_2_B,"(1524, 914, 609)"
COH_KI_SV3_6_2_B,"(1524, 914, 609)"
COH_KI_MV1_1_800_B,"(1524, 914, 800)"
COH_KI_MV1_2_800_B,"(1524, 914, 800)"
COH_KI_MV1_3_800_B,"(1524, 914, 800)"
COH_KI_MV1_4_800_B,"(1524, 914, 800)"
COH_KI_MV1_5_800_B,"(1524, 914, 800)"
COH_KI_MV1_6_800_B,"(1524, 914, 800)"
COH_KI_MMV1_1_800_B,"(1524, 914, 800)"
COH_KI_MMV1_2_800_B,"(1524, 914, 800)"
COH_KI_MMV1_3_800_B,"(1524, 914, 800)"
COH_KI_MMV1_4_800_B,"(1524, 914, 800)"
COH_KI_MMV1_5_800_B,"(1524, 914, 800)"
COH_KI_MMV1_6_800_B,"(1524, 914, 800)"
COH_KI_IV1_1_800_B,"(1524, 914, 800)"
COH_KI_IV1_2_800_B,"(1524, 914, 800)"
COH_KI_IV1_3_800_B,"(1524, 914, 800)"
COH_KI_IV1_4_800_B,"(1524, 914, 800)"
COH_KI_IV1_5_800_B,"(1524, 914, 800)"
COH_KI_IV1_6_800_B,"(1524, 914, 800)"
COH_KI_SV1_1_800_B,"(1524, 914, 800)"
COH_KI_SV1_2_800_B,"(1524, 914, 800)"
COH_KI_SV1_3_800_B,"(1524, 914, 800)"
COH_KI_SV1_4_800_B,"(1524, 914, 800)"
COH_KI_SV1_5_800_B,"(1524, 914, 800)"
COH_KI_SV1_6_800_B,"(1524, 914, 800)"
COH_KI_MV2_1_800_B,"(1524, 914, 800)"
COH_KI_MV2_2_800_B,"(1524, 914, 800)"
COH_KI_MV2_3_800_B,"(1524, 914, 800)"
COH_KI_MV2_4_800_B,"(1524, 914, 800)"
COH_KI_MV2_5_800_B,"(1524, 914, 800)"
COH_KI_MV2_6_800_B,"(1524, 914, 800)"
COH_KI_MMV2_1_800_B,"(1524, 914, 800)"
COH_KI_MMV2_2_800_B,"(1524, 914, 800)"
COH_KI_MMV2_3_800_B,"(1524, 914, 800)"
COH_KI_MMV2_4_800_B,"(1524, 914, 800)"
COH_KI_MMV2_5_800_B,"(1524, 914, 800)"
COH_KI_MMV2_6_800_B,"(1524, 914, 800)"
COH_KI_IV2_1_800_B,"(1524, 914, 800)"
COH_KI_IV2_2_800_B,"(1524, 914, 800)"
COH_KI_IV2_3_800_B,"(1524, 914, 800)"
COH_KI_IV2_4_800_B,"(1524, 914, 800)"
COH_KI_IV2_5_800_B,"(1524, 914, 800)"
COH_KI_IV2_6_800_B,"(1524, 914, 800)"
COH_KI_SV2_1_800_B,"(1524, 914, 800)"
COH_KI_SV2_2_800_B,"(1524, 914, 800)"
COH_KI_SV2_3_800_B,"(1524, 914, 800)"
COH_KI_SV2_4_800_B,"(1524, 914, 800)"
COH_KI_SV2_5_800_B,"(1524, 914, 800)"
COH_KI_SV2_6_800_B,"(1524, 914, 800)"
COH_KI_MV3_1_800_B,"(1524, 914, 800)"
COH_KI_MV3_2_800_B,"(1524, 914, 800)"
COH_KI_MV3_3_800_B,"(1524, 914, 800)"
COH_KI_MV3_4_800_B,"(1524, 914, 800)"
COH_KI_MV3_5_800_B,"(1524, 914, 800)"
COH_KI_MV3_6_800_B,"(1524, 914, 800)"
COH_KI_MMV3_1_800_B,"(1524, 914, 800)"
COH_KI_MMV3_2_800_B,"(1524, 914, 800)"
COH_KI_MMV3_3_800_B,"(1524, 914, 800)"
COH_KI_MMV3_4_800_B,"(1524, 914, 800)"
COH_KI_MMV3_5_800_B,"(1524, 914, 800)"
COH_KI_MMV3_6_800_B,"(1524, 914, 800)"
COH_KI_IV3_1_800_B,"(1524, 914, 800)"
COH_KI_IV3_2_800_B,"(1524, 914, 800)"
COH_KI_IV3_3_800_B,"(1524, 914, 800)"
COH_KI_IV3_4_800_B,"(1524, 914, 800)"
COH_KI_IV3_5_800_B,"(1524, 914, 800)"
COH_KI_IV3_6_800_B,"(1524, 914, 800)"
COH_KI_SV3_1_800_B,"(1524, 914, 800)"
COH_KI_SV3_2_800_B,"(1524, 914, 800)"
COH_KI_SV3_3_800_B,"(1524, 914, 800)"
COH_KI_SV3_4_800_B,"(1524, 914, 800)"
COH_KI_SV3_5_800_B,"(1524, 914, 800)"
COH_KI_SV3_6_800_B,"(1524, 914, 800)"
COH_KI_MV1_1_2_800_B,"(1524, 914, 800)"
COH_KI_MV1_2_2_800_B,"(1524, 914, 800)"
COH_KI_MV1_3_2_800_B,"(1524, 914, 800)"
COH_KI_MV1_4_2_800_B,"(1524, 914, 800)"
COH_KI_MV1_5_2_800_B,"(1524, 914, 800)"
COH_KI_MV1_6_2_800_B,"(1524, 914, 800)"
COH_KI_MMV1_1_2_800_B,"(1524, 914, 800)"
COH_KI_MMV1_2_2_800_B,"(1524, 914, 800)"
COH_KI_MMV1_3_2_800_B,"(1524, 914, 800)"
COH_KI_MMV1_4_2_800_B,"(1524, 914, 800)"
COH_KI_MMV1_5_2_800_B,"(1524, 914, 800)"
COH_KI_MMV1_6_2_800_B,"(1524, 914, 800)"
COH_KI_IV1_1_2_800_B,"(1524, 914, 800)"
COH_KI_IV1_2_2_800_B,"(1524, 914, 800)"
COH_KI_IV1_3_2_800_B,"(1524, 914, 800)"
COH_KI_IV1_4_2_800_B,"(1524, 914, 800)"
COH_KI_IV1_5_2_800_B,"(1524, 914, 800)"
COH_KI_IV1_6_2_800_B,"(1524, 914, 800)"
COH_KI_SV1_1_2_800_B,"(1524, 914, 800)"
COH_KI_SV1_2_2_800_B,"(1524, 914, 800)"
COH_KI_SV1_3_2_800_B,"(1524, 914, 800)"
COH_KI_SV1_4_2_800_B,"(1524, 914, 800)"
COH_KI_SV1_5_2_800_B,"(1524, 914, 800)"
COH_KI_SV1_6_2_800_B,"(1524, 914, 800)"
COH_KI_MV2_1_2_800_B,"(1524, 914, 800)"
COH_KI_MV2_2_2_800_B,"(1524, 914, 800)"
COH_KI_MV2_3_2_800_B,"(1524, 914, 800)"
COH_KI_MV2_4_2_800_B,"(1524, 914, 800)"
COH_KI_MV2_5_2_800_B,"(1524, 914, 800)"
COH_KI_MV2_6_2_800_B,"(1524, 914, 800)"
COH_KI_MMV2_1_2_800_B,"(1524, 914, 800)"
COH_KI_MMV2_2_2_800_B,"(1524, 914, 800)"
COH_KI_MMV2_3_2_800_B,"(1524, 914, 800)"
COH_KI_MMV2_4_2_800_B,"(1524, 914, 800)"
COH_KI_MMV2_5_2_800_B,"(1524, 914, 800)"
COH_KI_MMV2_6_2_800_B,"(1524, 914, 800)"
COH_KI_IV2_1_2_800_B,"(1524, 914, 800)"
COH_KI_IV2_2_2_800_B,"(1524, 914, 800)"
COH_KI_IV2_3_2_800_B,"(1524, 914, 800)"
COH_KI_IV2_4_2_800_B,"(1524, 914, 800)"
COH_KI_IV2_5_2_800_B,"(1524, 914, 800)"
COH_KI_IV2_6_2_800_B,"(1524, 914, 800)"
COH_KI_SV2_1_2_800_B,"(1524, 914, 800)"
COH_KI_SV2_2_2_800_B,"(1524, 914, 800)"
COH_KI_SV2_3_2_800_B,"(1524, 914, 800)"
COH_KI_SV2_4_2_800_B,"(1524, 914, 800)"
COH_KI_SV2_5_2_800_B,"(1524, 914, 800)"
COH_KI_SV2_6_2_800_B,"(1524, 914, 800)"
COH_KI_MV3_1_2_800_B,"(1524, 914, 800)"
COH_KI_MV3_2_2_800_B,"(1524, 914, 800)"
COH_KI_MV3_3_2_800_B,"(1524, 914, 800)"
COH_KI_MV3_4_2_800_B,"(1524, 914, 800)"
COH_KI_MV3_5_2_800_B,"(1524, 914, 800)"
COH_KI_MV3_6_2_800_B,"(1524, 914, 800)"
COH_KI_MMV3_1_2_800_B,"(1524, 914, 800)"
COH_KI_MMV3_2_2_800_B,"(1524, 914, 800)"
COH_KI_MMV3_3_2_800_B,"(1524, 914, 800)"
COH_KI_MMV3_4_2_800_B,"(1524, 914, 800)"
COH_KI_MMV3_5_2_800_B,"(1524, 914, 800)"
COH_KI_MMV3_6_2_800_B,"(1524, 914, 800)"
COH_KI_IV3_1_2_800_B,"(1524, 914, 800)"
COH_KI_IV3_2_2_800_B,"(1524, 914, 800)"
COH_KI_IV3_3_2_800_B,"(1524, 914, 800)"
COH_KI_IV3_4_2_800_B,"(1524, 914, 800)"
COH_KI_IV3_5_2_800_B,"(1524, 914, 800)"
COH_KI_IV3_6_2_800_B,"(1524, 914, 800)"
COH_KI_SV3_1_2_800_B,"(1524, 914, 800)"
COH_KI_SV3_2_2_800_B,"(1524, 914, 800)"
COH_KI_SV3_3_2_800_B,"(1524, 914, 800)"
COH_KI_SV3_4_2_800_B,"(1524, 914, 800)"
COH_KI_SV3_5_2_800_B,"(1524, 914, 800)"
COH_KI_SV3_6_2_800_B,"(1524, 914, 800)"
COH_KTC_MV1,"(609, 2500, 617)"
COH_KTC_MV2,"(609, 2500, 617)"
COH_KTC_MV3,"(609, 2500, 617)"
COH_KTC_MMV1,"(609, 2500, 617)"
COH_KTC_MMV2,"(609, 2500, 617)"
COH_KTC_MMV3,"(609, 2500, 617)"
COH_KTC_IV1,"(609, 2500, 617)"
COH_KTC_IV2,"(609, 2500, 617)"
COH_KTC_IV3,"(609, 2500, 617)"
COH_KTC_SV1,"(609, 2500, 617)"
COH_KTC_SV2,"(609, 2500, 617)"
COH_KTC_SV3,"(609, 2500, 617)"
COH_BST_MV1,"(1219, 203, 457)"
COH_BST_MV2,"(1219, 203, 457)"
COH_BST_MV3,"(1219, 203, 457)"
COH_BST_MMV1,"(1219, 203, 457)"
COH_BST_MMV2,"(1219, 203, 457)"
COH_BST_MMV3,"(1219, 203, 457)"
COH_BST_IV1,"(1219, 203, 457)"
COH_BST_IV2,"(1219, 203, 457)"
COH_BST_IV3,"(1220, 199, 624)"
COH_BST_SV1,"(1219, 203, 457)"
COH_BST_SV2,"(1219, 203, 457)"
COH_BST_SV3,"(1219, 203, 457)"
COH_BDT_MV1,"(1219, 223, 457)"
COH_BDT_MV2,"(1219, 622, 470)"
COH_BDT_MV3,"(1219, 223, 457)"
COH_BDT_MMV1,"(1219, 622, 470)"
COH_BDT_MMV2,"(1219, 622, 470)"
COH_BDT_MMV3,"(1219, 622, 470)"
COH_BDT_IV1,"(1219, 622, 470)"
COH_BDT_IV2,"(1219, 223, 457)"
COH_BDT_IV3,"(1219, 223, 457)"
COH_BDT_SV1,"(1219, 223, 457)"
COH_BDT_SV2,"(1219, 223, 457)"
COH_BDT_SV3,"(1219, 223, 457)"
COH_BWC_MV1,"(1828, 2438, 610)"
COH_BWC_MV2,"(1828, 2438, 610)"
COH_BWC_MV3,"(1828, 2438, 610)"
COH_BWC_MMV1,"(1828, 2438, 610)"
COH_BWC_MMV2,"(1828, 2438, 610)"
COH_BWC_MMV3,"(1828, 2438, 610)"
COH_BWC_IV1,"(1828, 2438, 610)"
COH_BWC_IV2,"(1828, 2438, 610)"
COH_BWC_IV3,"(1828, 2438, 610)"
COH_BWC_SV1,"(1828, 2438, 610)"
COH_BWC_SV2,"(1828, 2438, 610)"
COH_BWC_SV3,"(1828, 2438, 610)"
COH_BWO_MV1,"(1834, 2438, 610)"
COH_BWO_MV2,"(1834, 2438, 610)"
COH_BWO_MV3,"(1834, 2438, 610)"
COH_BWO_MMV1,"(1834, 2438, 610)"
COH_BWO_MMV2,"(1834, 2438, 610)"
COH_BWO_MMV3,"(1834, 2438, 610)"
COH_BWO_IV1,"(1834, 2438, 610)"
COH_BWO_IV2,"(1834, 2438, 610)"
COH_BWO_IV3,"(1834, 2438, 610)"
COH_BWO_SV1,"(1834, 2438, 610)"
COH_BWO_SV2,"(1834, 2438, 610)"
COH_BWO_SV3,"(1834, 2438, 610)"
COH_BWS_MV1,"(1714, 2441, 576)"
COH_BWS_MV2,"(1714, 2441, 576)"
COH_BWS_MV3,"(1714, 2441, 576)"
COH_BWS_MMV1,"(1714, 2441, 576)"
COH_BWS_MMV2,"(1714, 2441, 576)"
COH_BWS_MMV3,"(1714, 2441, 576)"
COH_BWS_IV1,"(1714, 2441, 576)"
COH_BWS_IV2,"(1714, 2441, 576)"
COH_BWS_IV3,"(1714, 2441, 576)"
COH_BWS_SV1,"(1714, 2441, 576)"
COH_BWS_SV2,"(1714, 2441, 576)"
COH_BWS_SV3,"(1714, 2441, 576)"
HOM_PBedK_MV1_1,"(1986, 613, 1981)"
HOM_PBedK_MV2_1,"(1986, 613, 1981)"
HOM_PBedK_MV3_1,"(1986, 613, 1981)"
HOM_PBedK_MMV1_1,"(1986, 613, 1981)"
HOM_PBedK_MMV2_1,"(1986, 613, 1981)"
HOM_PBedK_MMV3_1,"(1986, 613, 1981)"
HOM_PBedK_SV1_1,"(1986, 613, 1981)"
HOM_PBedK_SV2_1,"(1986, 613, 1981)"
HOM_PBedK_SV3_1,"(1986, 613, 1981)"
HOM_PBedK_IV1_1,"(1986, 613, 1981)"
HOM_PBedK_IV2_1,"(1986, 613, 1981)"
HOM_PBedK_IV3_1,"(1986, 613, 1981)"
HOM_PBedQ_MV1_1,"(1658, 613, 1990)"
HOM_PBedQ_MV2_1,"(1658, 613, 1990)"
HOM_PBedQ_MV3_1,"(1658, 613, 1990)"
HOM_PBedQ_MMV1_1,"(1658, 613, 1990)"
HOM_PBedQ_MMV2_1,"(1658, 613, 1990)"
HOM_PBedQ_MMV3_1,"(1658, 613, 1990)"
HOM_PBedQ_SV1_1,"(1658, 613, 1990)"
HOM_PBedQ_SV2_1,"(1658, 613, 1990)"
HOM_PBedQ_SV3_1,"(1658, 613, 1990)"
HOM_PBedQ_IV1_1,"(1658, 613, 1990)"
HOM_PBedQ_IV2_1,"(1658, 613, 1990)"
HOM_PBedQ_IV3_1,"(1658, 613, 1990)"
HOM_PBedS_MV1_1,"(1003, 607, 1993)"
HOM_PBedS_MV2_1,"(1003, 607, 1993)"
HOM_PBedS_MV3_1,"(1003, 607, 1993)"
HOM_PBedS_MMV1_1,"(1003, 607, 1993)"
HOM_PBedS_MMV2_1,"(1003, 607, 1993)"
HOM_PBedS_MMV3_1,"(1003, 607, 1993)"
HOM_PBedS_SV1_1,"(1003, 607, 1993)"
HOM_PBedS_SV2_1,"(1003, 607, 1993)"
HOM_PBedS_SV3_1,"(1003, 607, 1993)"
HOM_PBedS_IV1_1,"(1003, 607, 1993)"
HOM_PBedS_IV2_1,"(1003, 607, 1993)"
HOM_PBedS_IV3_1,"(1003, 607, 1993)"
HOM_PBedSS_MV1_1,"(1003, 607, 1993)"
HOM_PBedSS_MV2_1,"(1003, 607, 1993)"
HOM_PBedSS_MV3_1,"(1003, 607, 1993)"
HOM_PBedSS_MMV1_1,"(1003, 607, 1993)"
HOM_PBedSS_MMV2_1,"(1003, 607, 1993)"
HOM_PBedSS_MMV3_1,"(1003, 607, 1993)"
HOM_PBedSS_SV1_1,"(1003, 607, 1993)"
HOM_PBedSS_SV2_1,"(1003, 607, 1993)"
HOM_PBedSS_SV3_1,"(1003, 607, 1993)"
HOM_PBedSS_IV1_1,"(1003, 607, 1993)"
HOM_PBedSS_IV2_1,"(1003, 607, 1993)"
HOM_PBedSS_IV3_1,"(1003, 607, 1993)"
HOM_SBedK_MV1_1,"(1984, 766, 1981)"
HOM_SBedK_MV2_1,"(1984, 766, 1981)"
HOM_SBedK_MV3_1,"(1984, 766, 1981)"
HOM_SBedK_MMV1_1,"(1984, 766, 1981)"
HOM_SBedK_MMV2_1,"(1984, 766, 1981)"
HOM_SBedK_MMV3_1,"(1984, 766, 1981)"
HOM_SBedK_SV1_1,"(1984, 766, 1981)"
HOM_SBedK_SV2_1,"(1984, 766, 1981)"
HOM_SBedK_SV3_1,"(1984, 766, 1981)"
HOM_SBedK_IV1_1,"(1984, 766, 1981)"
HOM_SBedK_IV2_1,"(1984, 766, 1981)"
HOM_SBedK_IV3_1,"(1984, 766, 1981)"
HOM_SBedQ_MV1_1,"(1990, 766, 1658)"
HOM_SBedQ_MV2_1,"(1990, 766, 1658)"
HOM_SBedQ_MV3_1,"(1990, 766, 1658)"
HOM_SBedQ_MMV1_1,"(1990, 766, 1658)"
HOM_SBedQ_MMV2_1,"(1990, 766, 1658)"
HOM_SBedQ_MMV3_1,"(1990, 766, 1658)"
HOM_SBedQ_SV1_1,"(1990, 766, 1658)"
HOM_SBedQ_SV2_1,"(1990, 766, 1658)"
HOM_SBedQ_SV3_1,"(1990, 766, 1658)"
HOM_SBedQ_IV1_1,"(1990, 766, 1658)"
HOM_SBedQ_IV2_1,"(1990, 766, 1658)"
HOM_SBedQ_IV3_1,"(1990, 766, 1658)"
HOM_SBedS_MV1_1,"(1993, 759, 1003)"
HOM_SBedS_MV2_1,"(1993, 759, 1003)"
HOM_SBedS_MV3_1,"(914, 759, 1981)"
HOM_SBedS_MMV1_1,"(914, 759, 1981)"
HOM_SBedS_MMV2_1,"(914, 759, 1981)"
HOM_SBedS_MMV3_1,"(914, 759, 1981)"
HOM_SBedS_SV1_1,"(914, 759, 1981)"
HOM_SBedS_SV2_1,"(914, 759, 1981)"
HOM_SBedS_SV3_1,"(914, 759, 1981)"
HOM_SBedS_IV1_1,"(914, 759, 1981)"
HOM_SBedS_IV2_1,"(914, 759, 1981)"
HOM_SBedS_IV3_1,"(914, 759, 1981)"
HOM_SBedSS_MV1_1,"(1278, 759, 2062)"
HOM_SBedSS_MV2_1,"(1278, 759, 2062)"
HOM_SBedSS_MV3_1,"(1278, 759, 2062)"
HOM_SBedSS_MMV1_1,"(1278, 759, 2062)"
HOM_SBedSS_MMV2_1,"(1278, 759, 2062)"
HOM_SBedSS_MMV3_1,"(1278, 759, 2062)"
HOM_SBedSS_SV1_1,"(1278, 759, 2062)"
HOM_SBedSS_SV2_1,"(1278, 759, 2062)"
HOM_SBedSS_SV3_1,"(1278, 759, 2062)"
HOM_SBedSS_IV1_1,"(1278, 759, 2062)"
HOM_SBedSS_IV2_1,"(1278, 759, 2062)"
HOM_SBedSS_IV3_1,"(1278, 759, 2062)"
HOM_BHeadFK_MV1,"(1828, 2501, 100)"
HOM_BHeadFK_MV2,"(1828, 2501, 100)"
HOM_BHeadFK_MV3,"(1828, 2501, 100)"
HOM_BHeadFK_MMV1,"(1828, 2501, 100)"
HOM_BHeadFK_MMV2,"(1828, 2501, 100)"
HOM_BHeadFK_MMV3,"(1828, 2501, 100)"
HOM_BHeadFK_SV1,"(1828, 2501, 100)"
HOM_BHeadFK_SV2,"(1828, 2501, 100)"
HOM_BHeadFK_SV3,"(1828, 2501, 100)"
HOM_BHeadFK_IV1,"(1828, 2501, 100)"
HOM_BHeadFK_IV2,"(1828, 2501, 100)"
HOM_BHeadFK_IV3,"(1828, 2501, 100)"
HOM_BHeadFQ_MV1,"(1524, 2501, 100)"
HOM_BHeadFQ_MV2,"(1524, 2501, 100)"
HOM_BHeadFQ_MV3,"(1524, 2501, 100)"
HOM_BHeadFQ_MMV1,"(1524, 2501, 100)"
HOM_BHeadFQ_MMV2,"(1524, 2501, 100)"
HOM_BHeadFQ_MMV3,"(1524, 2501, 100)"
HOM_BHeadFQ_SV1,"(1524, 2501, 100)"
HOM_BHeadFQ_SV2,"(1524, 2501, 100)"
HOM_BHeadFQ_SV3,"(1524, 2501, 100)"
HOM_BHeadFQ_IV1,"(1524, 2501, 100)"
HOM_BHeadFQ_IV2,"(1524, 2501, 100)"
HOM_BHeadFQ_IV3,"(1524, 2501, 100)"
HOM_BHeadFS_MV1,"(914, 2501, 100)"
HOM_BHeadFS_MV2,"(914, 2501, 100)"
HOM_BHeadFS_MV3,"(914, 2501, 100)"
HOM_BHeadFS_MMV1,"(914, 2501, 100)"
HOM_BHeadFS_MMV2,"(914, 2501, 100)"
HOM_BHeadFS_MMV3,"(914, 2501, 100)"
HOM_BHeadFS_SV1,"(914, 2501, 100)"
HOM_BHeadFS_SV2,"(914, 2501, 100)"
HOM_BHeadFS_SV3,"(914, 2501, 100)"
HOM_BHeadFS_IV1,"(914, 2501, 100)"
HOM_BHeadFS_IV2,"(914, 2501, 100)"
HOM_BHeadFS_IV3,"(914, 2501, 100)"
HOM_BHeadFSS_MV1,"(1219, 2501, 100)"
HOM_BHeadFSS_MV2,"(1219, 2501, 100)"
HOM_BHeadFSS_MV3,"(1219, 2501, 100)"
HOM_BHeadFSS_MMV1,"(1219, 2501, 100)"
HOM_BHeadFSS_MMV2,"(1219, 2501, 100)"
HOM_BHeadFSS_MMV3,"(1219, 2501, 100)"
HOM_BHeadFSS_SV1,"(1219, 2501, 100)"
HOM_BHeadFSS_SV2,"(1219, 2501, 100)"
HOM_BHeadFSS_SV3,"(1219, 2501, 100)"
HOM_BHeadFSS_IV1,"(1219, 2501, 100)"
HOM_BHeadFSS_IV2,"(1219, 2501, 100)"
HOM_BHeadFSS_IV3,"(1219, 2501, 100)"
HOM_BHeadHK_MV1,"(1828, 1219, 100)"
HOM_BHeadHK_MV2,"(1828, 1219, 100)"
HOM_BHeadHK_MV3,"(1828, 1219, 100)"
HOM_BHeadHK_MMV1,"(1828, 1219, 100)"
HOM_BHeadHK_MMV2,"(1828, 1219, 100)"
HOM_BHeadHK_MMV3,"(1828, 1219, 100)"
HOM_BHeadHK_SV1,"(1828, 1219, 100)"
HOM_BHeadHK_SV2,"(1828, 1219, 100)"
HOM_BHeadHK_SV3,"(1828, 1219, 100)"
HOM_BHeadHK_IV1,"(1828, 1219, 100)"
HOM_BHeadHK_IV2,"(1828, 1219, 100)"
HOM_BHeadHK_IV3,"(1828, 1219, 100)"
HOM_BHeadHQ_MV1,"(1524, 1219, 100)"
HOM_BHeadHQ_MV2,"(1524, 1219, 100)"
HOM_BHeadHQ_MV3,"(1524, 1219, 100)"
HOM_BHeadHQ_MMV1,"(1524, 1219, 100)"
HOM_BHeadHQ_MMV2,"(1524, 1219, 100)"
HOM_BHeadHQ_MMV3,"(1524, 1219, 100)"
HOM_BHeadHQ_SV1,"(1524, 1219, 100)"
HOM_BHeadHQ_SV2,"(1524, 1219, 100)"
HOM_BHeadHQ_SV3,"(1524, 1219, 100)"
HOM_BHeadHQ_IV1,"(1524, 1219, 100)"
HOM_BHeadHQ_IV2,"(1524, 1219, 100)"
HOM_BHeadHQ_IV3,"(1524, 1219, 100)"
HOM_BHeadHS_MV1,"(914, 1219, 100)"
HOM_BHeadHS_MV2,"(914, 1219, 100)"
HOM_BHeadHS_MV3,"(914, 1219, 100)"
HOM_BHeadHS_MMV1,"(914, 1219, 100)"
HOM_BHeadHS_MMV2,"(914, 1219, 100)"
HOM_BHeadHS_MMV3,"(914, 1219, 100)"
HOM_BHeadHS_SV1,"(914, 1219, 100)"
HOM_BHeadHS_SV2,"(914, 1219, 100)"
HOM_BHeadHS_SV3,"(914, 1219, 100)"
HOM_BHeadHS_IV1,"(914, 1219, 100)"
HOM_BHeadHS_IV2,"(914, 1219, 100)"
HOM_BHeadHS_IV3,"(914, 1219, 100)"
HOM_BHeadHSS_MV1,"(1219, 1219, 100)"
HOM_BHeadHSS_MV2,"(1219, 1219, 100)"
HOM_BHeadHSS_MV3,"(1219, 1219, 100)"
HOM_BHeadHSS_MMV1,"(1219, 1219, 100)"
HOM_BHeadHSS_MMV2,"(1219, 1219, 100)"
HOM_BHeadHSS_MMV3,"(1219, 1219, 100)"
HOM_BHeadHSS_SV1,"(1219, 1219, 100)"
HOM_BHeadHSS_SV2,"(1219, 1219, 100)"
HOM_BHeadHSS_SV3,"(1219, 1219, 100)"
HOM_BHeadHSS_IV1,"(1219, 1219, 100)"
HOM_BHeadHSS_IV2,"(1219, 1219, 100)"
HOM_BHeadHSS_IV3,"(1219, 1219, 100)"
HOM_BST_MV1,"(457, 152, 304)"
HOM_BST_MV2,"(457, 152, 304)"
HOM_BST_MV3,"(457, 152, 304)"
HOM_BST_MMV1,"(457, 152, 304)"
HOM_BST_MMV2,"(457, 152, 304)"
HOM_BST_MMV3,"(457, 152, 304)"
HOM_BST_SV1,"(457, 152, 304)"
HOM_BST_SV2,"(457, 152, 304)"
HOM_BST_SV3,"(457, 152, 304)"
HOM_BST_IV1,"(457, 152, 304)"
HOM_BST_IV2,"(457, 152, 304)"
HOM_BST_IV3,"(457, 152, 304)"
COH_TVCS_L_MV1,"(1524, 507, 305)"
COH_TVCS_L_MV2,"(1524, 507, 305)"
COH_TVCS_L_MV3,"(1524, 507, 305)"
COH_TVCS_L_MMV1,"(1524, 507, 305)"
COH_TVCS_L_MMV2,"(1524, 507, 305)"
COH_TVCS_L_MMV3,"(1524, 507, 305)"
COH_TVCS_L_SV1,"(1524, 507, 305)"
COH_TVCS_L_SV2,"(1524, 507, 305)"
COH_TVCS_L_SV3,"(1524, 507, 305)"
COH_TVCS_L_IV1,"(1524, 507, 305)"
COH_TVCS_L_IV2,"(1524, 507, 305)"
COH_TVCS_L_IV3,"(1524, 507, 305)"
COH_TVCS_B_MV1,"(1524, 507, 305)"
COH_TVCS_B_MV2,"(1524, 507, 305)"
COH_TVCS_B_MV3,"(1524, 507, 305)"
COH_TVCS_B_MMV1,"(1524, 507, 305)"
COH_TVCS_B_MMV2,"(1524, 507, 305)"
COH_TVCS_B_MMV3,"(1524, 507, 305)"
COH_TVCS_B_SV1,"(1524, 507, 305)"
COH_TVCS_B_SV2,"(1524, 507, 305)"
COH_TVCS_B_SV3,"(1524, 507, 305)"
COH_TVCS_B_IV1,"(1524, 507, 305)"
COH_TVCS_B_IV2,"(1524, 507, 305)"
COH_TVCS_B_IV3,"(1524, 507, 305)"
COH_TVCF_L_MV1,"(1524, 273, 305)"
COH_TVCF_L_MV2,"(1524, 273, 305)"
COH_TVCF_L_MV3,"(1524, 273, 305)"
COH_TVCF_L_MMV1,"(1524, 273, 305)"
COH_TVCF_L_MMV2,"(1524, 273, 305)"
COH_TVCF_L_MMV3,"(1524, 273, 305)"
COH_TVCF_L_SV1,"(1524, 273, 305)"
COH_TVCF_L_SV2,"(1524, 273, 305)"
COH_TVCF_L_SV3,"(1524, 273, 305)"
COH_TVCF_L_IV1,"(1524, 273, 305)"
COH_TVCF_L_IV2,"(1524, 273, 305)"
COH_TVCF_L_IV3,"(1524, 273, 305)"
COH_TVCF_B_MV1,"(1524, 273, 305)"
COH_TVCF_B_MV2,"(1524, 273, 305)"
COH_TVCF_B_MV3,"(1524, 273, 305)"
COH_TVCF_B_MMV1,"(1524, 273, 305)"
COH_TVCF_B_MMV2,"(1524, 273, 305)"
COH_TVCF_B_MMV3,"(1524, 273, 305)"
COH_TVCF_B_SV1,"(1524, 273, 305)"
COH_TVCF_B_SV2,"(1524, 273, 305)"
COH_TVCF_B_SV3,"(1524, 273, 305)"
COH_TVCF_B_IV1,"(1524, 273, 305)"
COH_TVCF_B_IV2,"(1524, 273, 305)"
COH_TVCF_B_IV3,"(1524, 273, 305)"
COH_BVC_MV1_1,"(914, 609, 609)"
COH_BVC_MV1_2,"(914, 609, 609)"
COH_BVC_MV1_3,"(914, 609, 609)"
COH_BVC_MV1_4,"(914, 609, 609)"
COH_BVC_MV1_5,"(914, 609, 609)"
COH_BVC_MV1_6,"(914, 609, 609)"
COH_BVC_MV2_1,"(914, 609, 609)"
COH_BVC_MV2_2,"(914, 609, 609)"
COH_BVC_MV2_3,"(914, 609, 609)"
COH_BVC_MV2_4,"(914, 609, 609)"
COH_BVC_MV2_5,"(914, 609, 609)"
COH_BVC_MV2_6,"(914, 609, 609)"
COH_BVC_MV3_1,"(914, 609, 609)"
COH_BVC_MV3_2,"(914, 609, 609)"
COH_BVC_MV3_3,"(914, 609, 609)"
COH_BVC_MV3_4,"(914, 609, 609)"
COH_BVC_MV3_5,"(914, 609, 609)"
COH_BVC_MV3_6,"(914, 609, 609)"
COH_BVC_MMV1_1,"(914, 609, 609)"
COH_BVC_MMV1_2,"(914, 609, 609)"
COH_BVC_MMV1_3,"(914, 609, 609)"
COH_BVC_MMV1_4,"(914, 609, 609)"
COH_BVC_MMV1_5,"(914, 609, 609)"
COH_BVC_MMV1_6,"(914, 609, 609)"
COH_BVC_MMV2_1,"(914, 609, 609)"
COH_BVC_MMV2_2,"(914, 609, 609)"
COH_BVC_MMV2_3,"(914, 609, 609)"
COH_BVC_MMV2_4,"(914, 609, 609)"
COH_BVC_MMV2_5,"(914, 609, 609)"
COH_BVC_MMV2_6,"(914, 609, 609)"
COH_BVC_MMV3_1,"(914, 609, 609)"
COH_BVC_MMV3_2,"(914, 609, 609)"
COH_BVC_MMV3_3,"(914, 609, 609)"
COH_BVC_MMV3_4,"(914, 609, 609)"
COH_BVC_MMV3_5,"(914, 609, 609)"
COH_BVC_MMV3_6,"(914, 609, 609)"
COH_BVC_SV1_1,"(914, 609, 609)"
COH_BVC_SV1_2,"(914, 609, 609)"
COH_BVC_SV1_3,"(914, 609, 609)"
COH_BVC_SV1_4,"(914, 609, 609)"
COH_BVC_SV1_5,"(914, 609, 609)"
COH_BVC_SV1_6,"(914, 609, 609)"
COH_BVC_SV2_1,"(914, 609, 609)"
COH_BVC_SV2_2,"(914, 609, 609)"
COH_BVC_SV2_3,"(914, 609, 609)"
COH_BVC_SV2_4,"(914, 609, 609)"
COH_BVC_SV2_5,"(914, 609, 609)"
COH_BVC_SV2_6,"(914, 609, 609)"
COH_BVC_SV3_1,"(914, 609, 609)"
COH_BVC_SV3_2,"(914, 609, 609)"
COH_BVC_SV3_3,"(914, 609, 609)"
COH_BVC_SV3_4,"(914, 609, 609)"
COH_BVC_SV3_5,"(914, 609, 609)"
COH_BVC_SV3_6,"(914, 609, 609)"
COH_BVC_IV1_1,"(914, 609, 609)"
COH_BVC_IV1_2,"(914, 609, 609)"
COH_BVC_IV1_3,"(914, 609, 609)"
COH_BVC_IV1_4,"(914, 609, 609)"
COH_BVC_IV1_5,"(914, 609, 609)"
COH_BVC_IV1_6,"(914, 609, 609)"
COH_BVC_IV2_1,"(914, 609, 609)"
COH_BVC_IV2_2,"(914, 609, 609)"
COH_BVC_IV2_3,"(914, 609, 609)"
COH_BVC_IV2_4,"(914, 609, 609)"
COH_BVC_IV2_5,"(914, 609, 609)"
COH_BVC_IV2_6,"(914, 609, 609)"
COH_BVC_IV3_1,"(914, 609, 609)"
COH_BVC_IV3_2,"(914, 609, 609)"
COH_BVC_IV3_3,"(914, 609, 609)"
COH_BVC_IV3_4,"(914, 609, 609)"
COH_BVC_IV3_5,"(914, 609, 609)"
COH_BVC_IV3_6,"(914, 609, 609)"
COH_TVMS_MV1_1,"(914, 609, 260)"
COH_TVMS_MV2_1,"(914, 609, 260)"
COH_TVMS_MV3_1,"(914, 609, 260)"
COH_TVMS_MMV1_1,"(914, 609, 260)"
COH_TVMS_MMV2_1,"(914, 609, 260)"
COH_TVMS_MMV3_1,"(914, 609, 260)"
COH_TVMS_SV1_1,"(914, 609, 260)"
COH_TVMS_SV2_1,"(914, 609, 260)"
COH_TVMS_SV3_1,"(914, 609, 260)"
COH_TVMS_IV1_1,"(914, 609, 260)"
COH_TVMS_IV2_1,"(914, 609, 260)"
COH_TVMS_IV3_1,"(914, 609, 260)"
COH_TVCS_MV1_1,"(914, 761, 259)"
COH_TVCS_MV2_1,"(914, 761, 259)"
COH_TVCS_MV3_1,"(914, 761, 259)"
COH_TVCS_MMV1_1,"(914, 761, 259)"
COH_TVCS_MMV2_1,"(914, 761, 259)"
COH_TVCS_MMV3_1,"(914, 761, 259)"
COH_TVCS_SV1_1,"(914, 761, 259)"
COH_TVCS_SV2_1,"(914, 761, 259)"
COH_TVCS_SV3_1,"(914, 761, 259)"
COH_TVCS_IV1_1,"(914, 761, 259)"
COH_TVCS_IV2_1,"(914, 761, 259)"
COH_TVCS_IV3_1,"(914, 761, 259)"
COH_SC_MV1,"(1524, 2438, 349)"
COH_SC_MV2,"(1524, 2438, 349)"
COH_SC_MV3,"(1524, 2438, 349)"
COH_SC_MMV1,"(1524, 2438, 349)"
COH_SC_MMV2,"(1524, 2438, 349)"
COH_SC_MMV3,"(1524, 2438, 349)"
COH_SC_IV1,"(1524, 2438, 349)"
COH_SC_IV2,"(1524, 2438, 349)"
COH_SC_IV3,"(1524, 2438, 349)"
COH_SC_SV1,"(1524, 2438, 349)"
COH_SC_SV2,"(1524, 2438, 349)"
COH_SC_SV3,"(1524, 2438, 349)"
COH_SC_MV1_2,"(1524, 2438, 350)"
COH_SC_MV2_2,"(1524, 2438, 350)"
COH_SC_MV3_2,"(1524, 2438, 350)"
COH_SC_MMV1_2,"(1524, 2438, 350)"
COH_SC_MMV2_2,"(1524, 2438, 350)"
COH_SC_MMV3_2,"(1524, 2438, 350)"
COH_SC_IV1_2,"(1524, 2438, 350)"
COH_SC_IV2_2,"(1524, 2438, 350)"
COH_SC_IV3_2,"(1524, 2438, 350)"
COH_SC_SV1_2,"(1524, 2438, 350)"
COH_SC_SV2_2,"(1524, 2438, 350)"
COH_SC_SV3_2,"(1524, 2438, 350)"
COH_SC_H_MV1,"(1524, 1200, 350)"
COH_SC_H_MV2,"(1524, 1200, 350)"
COH_SC_H_MV3,"(1524, 1200, 350)"
COH_SC_H_MMV1,"(1524, 1200, 350)"
COH_SC_H_MMV2,"(1524, 1200, 350)"
COH_SC_H_MMV3,"(1524, 1200, 350)"
COH_SC_H_IV1,"(1524, 1200, 350)"
COH_SC_H_IV2,"(1524, 1200, 350)"
COH_SC_H_IV3,"(1524, 1200, 350)"
COH_SC_H_SV1,"(1524, 1200, 350)"
COH_SC_H_SV2,"(1524, 1200, 350)"
COH_SC_H_SV3,"(1524, 1200, 350)"
COH_S_1,"(2236, 865, 808)"
COH_S_2,"(1600, 772, 631)"
COH_S_3,"(1857, 825, 898)"
COH_S_4,"(1862, 802, 960)"
COH_S_5,"(2014, 941, 1082)"
COH_S_6,"(2620, 885, 1063)"
COH_S_7,"(1600, 811, 841)"
COH_S_8,"(2283, 772, 868)"
COH_S_9,"(1388, 852, 808)"
COH_S_1S_1,"(1020, 865, 808)"
COH_S_1S_2,"(1020, 772, 631)"
COH_S_1S_3,"(1025, 825, 898)"
COH_S_1S_4,"(1021, 802, 960)"
COH_S_1S_5,"(1020, 926, 1080)"
COH_S_1S_6,"(1020, 885, 1040)"
COH_S_1S_7,"(1020, 811, 841)"
COH_S_1S_8,"(1020, 772, 868)"
COH_S_1S_9,"(1021, 852, 808)"
COH_S_2S_1,"(1600, 865, 808)"
COH_S_2S_2,"(1600, 772, 631)"
COH_S_2S_3,"(1605, 825, 898)"
COH_S_2S_4,"(1601, 802, 960)"
COH_S_2S_5,"(1600, 926, 1080)"
COH_S_2S_6,"(1600, 885, 1040)"
COH_S_2S_7,"(1600, 811, 841)"
COH_S_2S_8,"(1599, 772, 868)"
COH_S_2S_9,"(1600, 852, 808)"
COH_S_3S_1,"(2286, 865, 808)"
COH_S_3S_2,"(2286, 772, 631)"
COH_S_3S_3,"(2291, 825, 898)"
COH_S_3S_4,"(2287, 802, 960)"
COH_S_3S_5,"(2286, 933, 1082)"
COH_S_3S_6,"(2286, 885, 1063)"
COH_S_3S_7,"(2286, 811, 841)"
COH_S_3S_8,"(2286, 772, 868)"
COH_S_3S_9,"(2286, 852, 808)"
COH_S_LS_1,"(2286, 865, 1502)"
COH_S_LS_2,"(2286, 772, 1408)"
COH_S_LS_3,"(2288, 826, 1736)"
COH_S_LS_4,"(2287, 807, 1774)"
COH_S_LS_5,"(2301, 933, 1837)"
COH_S_LS_6,"(2286, 885, 1810)"
COH_S_LS_7,"(2286, 811, 1710)"
COH_S_LS_8,"(2286, 772, 1715)"
COH_S_LS_9,"(2286, 852, 1693)"
COH_SETTEE_B_C_MV1,"(609, 903, 457)"
COH_SETTEE_B_C_MV2,"(609, 903, 457)"
COH_SETTEE_B_C_MV3,"(609, 903, 457)"
COH_SETTEE_B_C_MMV1,"(609, 903, 457)"
COH_SETTEE_B_C_MMV2,"(609, 903, 457)"
COH_SETTEE_B_C_MMV3,"(609, 903, 457)"
COH_SETTEE_B_C_SV1,"(609, 903, 457)"
COH_SETTEE_B_C_SV2,"(609, 903, 457)"
COH_SETTEE_B_C_SV3,"(609, 903, 457)"
COH_SETTEE_B_C_IV1,"(609, 903, 457)"
COH_SETTEE_B_C_IV2,"(609, 903, 457)"
COH_SETTEE_B_C_IV3,"(609, 903, 457)"
COH_SETTEE_B_NC_MV1,"(609, 903, 457)"
COH_SETTEE_B_NC_MV2,"(609, 903, 457)"
COH_SETTEE_B_NC_MV3,"(609, 903, 457)"
COH_SETTEE_B_NC_MMV1,"(609, 903, 457)"
COH_SETTEE_B_NC_MMV2,"(609, 903, 457)"
COH_SETTEE_B_NC_MMV3,"(609, 903, 457)"
COH_SETTEE_B_NC_SV1,"(609, 903, 457)"
COH_SETTEE_B_NC_SV2,"(609, 903, 457)"
COH_SETTEE_B_NC_SV3,"(609, 903, 457)"
COH_SETTEE_B_NC_IV1,"(609, 903, 457)"
COH_SETTEE_B_NC_IV2,"(609, 903, 457)"
COH_SETTEE_B_NC_IV3,"(609, 903, 457)"
COH_SETTEE_NB_C_MV1,"(609, 598, 457)"
COH_SETTEE_NB_C_MV2,"(609, 598, 457)"
COH_SETTEE_NB_C_MV3,"(609, 598, 457)"
COH_SETTEE_NB_C_MMV1,"(609, 598, 457)"
COH_SETTEE_NB_C_MMV2,"(609, 598, 457)"
COH_SETTEE_NB_C_MMV3,"(609, 598, 457)"
COH_SETTEE_NB_C_SV1,"(609, 598, 457)"
COH_SETTEE_NB_C_SV2,"(609, 598, 457)"
COH_SETTEE_NB_C_SV3,"(609, 598, 457)"
COH_SETTEE_NB_C_IV1,"(609, 598, 457)"
COH_SETTEE_NB_C_IV2,"(609, 598, 457)"
COH_SETTEE_NB_C_IV3,"(609, 598, 457)"
COH_SETTEE_NB_NC_MV1,"(609, 500, 457)"
COH_SETTEE_NB_NC_MV2,"(609, 500, 457)"
COH_SETTEE_NB_NC_MV3,"(609, 500, 457)"
COH_SETTEE_NB_NC_MMV1,"(609, 500, 457)"
COH_SETTEE_NB_NC_MMV2,"(609, 500, 457)"
COH_SETTEE_NB_NC_MMV3,"(609, 500, 457)"
COH_SETTEE_NB_NC_SV1,"(609, 500, 457)"
COH_SETTEE_NB_NC_SV2,"(609, 500, 457)"
COH_SETTEE_NB_NC_SV3,"(609, 500, 457)"
COH_SETTEE_NB_NC_IV1,"(609, 500, 457)"
COH_SETTEE_NB_NC_IV2,"(609, 500, 457)"
COH_SETTEE_NB_NC_IV3,"(609, 500, 457)"
COH_SETTEE_B_C_MV1_S,"(609, 903, 457)"
COH_SETTEE_B_C_MV2_S,"(609, 903, 457)"
COH_SETTEE_B_C_MV3_S,"(609, 903, 457)"
COH_SETTEE_B_C_MMV1_S,"(609, 903, 457)"
COH_SETTEE_B_C_MMV2_S,"(609, 903, 457)"
COH_SETTEE_B_C_MMV3_S,"(609, 903, 457)"
COH_SETTEE_B_C_SV1_S,"(609, 903, 457)"
COH_SETTEE_B_C_SV2_S,"(609, 903, 457)"
COH_SETTEE_B_C_SV3_S,"(609, 903, 457)"
COH_SETTEE_B_C_IV1_S,"(609, 903, 457)"
COH_SETTEE_B_C_IV2_S,"(609, 903, 457)"
COH_SETTEE_B_C_IV3_S,"(609, 903, 457)"
COH_SETTEE_B_NC_MV1_S,"(609, 903, 457)"
COH_SETTEE_B_NC_MV2_S,"(609, 903, 457)"
COH_SETTEE_B_NC_MV3_S,"(609, 903, 457)"
COH_SETTEE_B_NC_MMV1_S,"(609, 903, 457)"
COH_SETTEE_B_NC_MMV2_S,"(609, 903, 457)"
COH_SETTEE_B_NC_MMV3_S,"(609, 903, 457)"
COH_SETTEE_B_NC_SV1_S,"(609, 903, 457)"
COH_SETTEE_B_NC_SV2_S,"(609, 903, 457)"
COH_SETTEE_B_NC_SV3_S,"(609, 903, 457)"
COH_SETTEE_B_NC_IV1_S,"(609, 903, 457)"
COH_SETTEE_B_NC_IV2_S,"(609, 903, 457)"
COH_SETTEE_B_NC_IV3_S,"(609, 903, 457)"
COH_SETTEE_NB_C_MV1_S,"(609, 598, 457)"
COH_SETTEE_NB_C_MV2_S,"(609, 598, 457)"
COH_SETTEE_NB_C_MV3_S,"(609, 598, 457)"
COH_SETTEE_NB_C_MMV1_S,"(609, 598, 457)"
COH_SETTEE_NB_C_MMV2_S,"(609, 598, 457)"
COH_SETTEE_NB_C_MMV3_S,"(609, 598, 457)"
COH_SETTEE_NB_C_SV1_S,"(609, 598, 457)"
COH_SETTEE_NB_C_SV2_S,"(609, 598, 457)"
COH_SETTEE_NB_C_SV3_S,"(609, 598, 457)"
COH_SETTEE_NB_C_IV1_S,"(609, 598, 457)"
COH_SETTEE_NB_C_IV2_S,"(609, 598, 457)"
COH_SETTEE_NB_C_IV3_S,"(609, 598, 457)"
COH_SETTEE_NB_NC_MV1_S,"(609, 500, 457)"
COH_SETTEE_NB_NC_MV2_S,"(609, 500, 457)"
COH_SETTEE_NB_NC_MV3_S,"(609, 500, 457)"
COH_SETTEE_NB_NC_MMV1_S,"(609, 500, 457)"
COH_SETTEE_NB_NC_MMV2_S,"(609, 500, 457)"
COH_SETTEE_NB_NC_MMV3_S,"(609, 500, 457)"
COH_SETTEE_NB_NC_SV1_S,"(609, 500, 457)"
COH_SETTEE_NB_NC_SV2_S,"(609, 500, 457)"
COH_SETTEE_NB_NC_SV3_S,"(609, 500, 457)"
COH_SETTEE_NB_NC_IV1_S,"(609, 500, 457)"
COH_SETTEE_NB_NC_IV2_S,"(609, 500, 457)"
COH_SETTEE_NB_NC_IV3_S,"(609, 500, 457)"
COH_CT_MV1,"(1300, 399, 700)"
COH_CT_MV2,"(1519, 250, 1519)"
COH_CT_MV3,"(1304, 375, 842)"
COH_CT_MMV1,"(1017, 319, 1077)"
COH_CT_MMV2,"(1000, 430, 1599)"
COH_CT_MMV3,"(1115, 319, 1115)"
COH_CT_SV1,"(939, 399, 939)"
COH_CT_SV2,"(1335, 490, 670)"
COH_CT_SV3,"(1300, 350, 625)"
COH_CT_IV1,"(903, 359, 903)"
COH_CT_IV2,"(1190, 360, 805)"
COH_CT_IV3,"(500, 500, 500)"
COH_DT_MV1,"(1400, 750, 800)"
COH_DT_MV2,"(1600, 710, 800)"
COH_DT_MV3,"(1600, 710, 800)"
COH_DT_MMV1,"(1600, 750, 810)"
COH_DT_MMV2,"(1350, 760, 850)"
COH_DT_MMV3,"(1600, 760, 860)"
COH_DT_SV1,"(1387, 720, 804)"
COH_DT_SV2,"(1500, 750, 800)"
COH_DT_SV3,"(1600, 750, 800)"
COH_DT_IV1,"(1795, 750, 895)"
COH_DT_IV2,"(2438, 765, 1070)"
COH_DT_IV3,"(1342, 749, 1342)"
COH_DT_MV1_2P,"(760, 750, 760)"
COH_DT_MV2_2P,"(760, 710, 760)"
COH_DT_MV3_2P,"(760, 710, 760)"
COH_DT_MMV1_2P,"(760, 750, 760)"
COH_DT_MMV2_2P,"(760, 760, 760)"
COH_DT_MMV3_2P,"(760, 760, 760)"
COH_DT_SV1_2P,"(760, 720, 760)"
COH_DT_SV2_2P,"(760, 750, 760)"
COH_DT_SV3_2P,"(760, 750, 760)"
COH_DT_IV1_2P,"(760, 750, 750)"
COH_DT_IV2_2P,"(759, 765, 760)"
COH_DT_IV3_2P,"(758, 749, 758)"
COH_DT_MV1_4P,"(1500, 750, 760)"
COH_DT_MV2_4P,"(1500, 710, 760)"
COH_DT_MV3_4P,"(1500, 710, 760)"
COH_DT_MMV1_4P,"(1500, 750, 760)"
COH_DT_MMV2_4P,"(1500, 760, 760)"
COH_DT_MMV3_4P,"(1500, 760, 760)"
COH_DT_SV1_4P,"(1500, 720, 760)"
COH_DT_SV2_4P,"(1500, 750, 760)"
COH_DT_SV3_4P,"(1506, 750, 760)"
COH_DT_IV1_4P,"(1500, 750, 760)"
COH_DT_IV2_4P,"(1500, 765, 760)"
COH_DT_IV3_4P,"(1200, 749, 1200)"
COH_DT_MV1_6P,"(1794, 750, 760)"
COH_DT_MV2_6P,"(1794, 710, 760)"
COH_DT_MV3_6P,"(1794, 710, 760)"
COH_DT_MMV1_6P,"(1794, 750, 760)"
COH_DT_MMV2_6P,"(1794, 760, 760)"
COH_DT_MMV3_6P,"(1794, 760, 760)"
COH_DT_SV1_6P,"(1794, 720, 760)"
COH_DT_SV2_6P,"(1794, 750, 760)"
COH_DT_SV3_6P,"(1800, 750, 760)"
COH_DT_IV1_6P,"(1794, 750, 760)"
COH_DT_IV2_6P,"(1794, 765, 760)"
COH_DT_IV3_6P,"(1800, 749, 1800)"
COH_DC_MV1,"(493, 802, 540)"
COH_DC_MV2,"(500, 828, 465)"
COH_DC_MV3,"(480, 855, 593)"
COH_DC_MMV1,"(553, 845, 612)"
COH_DC_MMV2,"(460, 899, 612)"
COH_DC_MMV3,"(588, 828, 628)"
COH_DC_SV1,"(447, 872, 447)"
COH_DC_SV2,"(491, 734, 499)"
COH_DC_SV3,"(439, 796, 420)"
COH_DC_IV1,"(493, 799, 539)"
COH_DC_IV2,"(635, 899, 664)"
COH_DC_IV3,"(450, 845, 450)"
COH_FW_MV1,"(1523, 2438, 50)"
COH_FW_MV2,"(1523, 2438, 50)"
COH_FW_MV3,"(1523, 2438, 50)"
COH_FW_MMV1,"(1523, 2438, 50)"
COH_FW_MMV2,"(1523, 2438, 50)"
COH_FW_MMV3,"(1523, 2438, 50)"
COH_FW_SV1,"(1523, 2438, 50)"
COH_FW_SV2,"(1523, 2438, 50)"
COH_FW_SV3,"(1523, 2438, 50)"
COH_FW_IV1,"(1523, 2438, 50)"
COH_FW_IV2,"(1523, 2438, 50)"
COH_FW_IV3,"(1523, 2438, 50)"
COH_FWS_MV1,"(1524, 2442, 300)"
COH_FWS_MV2,"(1524, 2442, 300)"
COH_FWS_MV3,"(1524, 2442, 300)"
COH_FWS_MMV1,"(1524, 2442, 300)"
COH_FWS_MMV2,"(1524, 2442, 300)"
COH_FWS_MMV3,"(1524, 2442, 300)"
COH_FWS_SV1,"(1524, 2442, 300)"
COH_FWS_SV2,"(1524, 2442, 300)"
COH_FWS_SV3,"(1524, 2442, 300)"
COH_FWS_IV1,"(1524, 2442, 300)"
COH_FWS_IV2,"(1524, 2442, 300)"
COH_FWS_IV3,"(1524, 2442, 300)"
COH_FW_MV1,"(1523, 2438, 50)"
COH_FW_MV2,"(1523, 2438, 50)"
COH_FW_MV3,"(1523, 2438, 50)"
COH_FW_MMV1,"(1523, 2438, 50)"
COH_FW_MMV2,"(1523, 2438, 50)"
COH_FW_MMV3,"(1523, 2438, 50)"
COH_FW_SV1,"(1523, 2438, 50)"
COH_FW_SV2,"(1523, 2438, 50)"
COH_FW_SV3,"(1523, 2438, 50)"
COH_FW_IV1,"(1523, 2438, 50)"
COH_FW_IV2,"(1523, 2438, 50)"
COH_FW_IV3,"(1523, 2438, 50)"
COH_FWS_MV1,"(1524, 2442, 300)"
COH_FWS_MV2,"(1524, 2442, 300)"
COH_FWS_MV3,"(1524, 2442, 300)"
COH_FWS_MMV1,"(1524, 2442, 300)"
COH_FWS_MMV2,"(1524, 2442, 300)"
COH_FWS_MMV3,"(1524, 2442, 300)"
COH_FWS_SV1,"(1524, 2442, 300)"
COH_FWS_SV2,"(1524, 2442, 300)"
COH_FWS_SV3,"(1524, 2442, 300)"
COH_FWS_IV1,"(1524, 2442, 300)"
COH_FWS_IV2,"(1524, 2442, 300)"
COH_FWS_IV3,"(1524, 2442, 300)"
COH_FWC_MV1,"(1523, 2438, 50)"
COH_FWC_MV2,"(1523, 2438, 50)"
COH_FWC_MV3,"(1523, 2438, 50)"
COH_FWC_MMV1,"(1523, 2438, 50)"
COH_FWC_MMV2,"(1523, 2438, 50)"
COH_FWC_MMV3,"(1523, 2438, 50)"
COH_FWC_SV1,"(1523, 2438, 50)"
COH_FWC_SV2,"(1523, 2438, 50)"
COH_FWC_SV3,"(1523, 2438, 50)"
COH_FWC_IV1,"(1523, 2438, 50)"
COH_FWC_IV2,"(1523, 2438, 50)"
COH_FWC_IV3,"(1523, 2438, 50)"
BK_Toilet_1,"(437, 779, 786)"
BK_Toilet_2,"(379, 824, 651)"
BK_Toilet_3,"(414, 766, 716)"
BK_Toilet_4,"(433, 986, 776)"
BK_Toilet_5,"(445, 772, 676)"
BK_TSink_1,"(489, 917, 373)"
BK_TSink_2,"(414, 179, 326)"
BK_TSink_3,"(418, 303, 263)"
BK_TSink_4,"(628, 287, 351)"
BK_TSink_5,"(550, 260, 432)"
BK_Bed_1,"(2110, 952, 2260)"
BK_Bed_2,"(2100, 1002, 2424)"
BK_Bed_3,"(2080, 830, 2528)"
BK_Bed_4,"(2084, 1143, 2158)"
BK_Bed_5,"(1924, 1014, 2255)"
BK_BedK_6,"(1981, 901, 1799)"
BK_BedK_7,"(1992, 1200, 1827)"
BK_BedK_8,"(1981, 909, 1978)"
BK_BedK_9,"(1981, 819, 1829)"
BK_BedK_10,"(1981, 819, 1829)"
BK_BedQ_6,"(1981, 901, 1524)"
BK_BedQ_7,"(1992, 1200, 1551)"
BK_BedQ_8,"(1981, 909, 1671)"
BK_BedQ_9,"(1981, 819, 1524)"
BK_BedQ_10,"(1981, 819, 1632)"
BK_BedSS_6,"(1981, 901, 1219)"
BK_BedSS_7,"(1992, 1200, 1277)"
BK_BedSS_8,"(1981, 909, 1333)"
BK_BedSS_9,"(1981, 819, 1220)"
BK_BedSS_10,"(1981, 819, 1220)"
BK_BedS_6,"(1981, 901, 914)"
BK_BedS_7,"(1992, 1200, 938)"
BK_BedS_8,"(1981, 909, 967)"
BK_BedS_9,"(1981, 819, 915)"
BK_BedS_10,"(1981, 819, 915)"
BK_TV_1,"(1217, 771, 204)"
BK_TV_2,"(1090, 664, 168)"
BK_TV_3,"(1672, 1024, 334)"
BK_TV_4,"(1228, 761, 170)"
BK_TV_5,"(1232, 775, 259)"
BK_Fridge_1,"(613, 1882, 680)"
BK_Fridge_2,"(701, 1901, 795)"
BK_Fridge_3,"(622, 1798, 724)"
BK_Fridge_4,"(802, 1921, 800)"
BK_Fridge_5,"(909, 1838, 745)"
BK_Washer_1,"(595, 848, 428)"
BK_Washer_2,"(598, 827, 613)"
BK_Washer_3,"(599, 849, 652)"
BK_Washer_4,"(711, 1070, 711)"
BK_Washer_5,"(691, 998, 788)"
BK_Dryer_1,"(595, 848, 465)"
BK_Dryer_2,"(598, 827, 619)"
BK_Dryer_3,"(599, 849, 665)"
BK_Dryer_4,"(711, 1070, 711)"
BK_Dryer_5,"(691, 998, 788)"
BK_TLamp_1,"(268, 352, 268)"
BK_TLamp_2,"(191, 384, 191)"
BK_TLamp_3,"(206, 307, 206)"
BK_TLamp_4,"(269, 413, 269)"
BK_TLamp_5,"(198, 394, 198)"
BK_SLamp_1,"(401, 1436, 401)"
BK_SLamp_2,"(221, 1056, 321)"
BK_SLamp_3,"(293, 1403, 269)"
BK_SLamp_4,"(679, 1492, 663)"
BK_SLamp_5,"(504, 1505, 611)"
BK_STable_1,"(1587, 814, 632)"
BK_STable_2,"(1200, 736, 600)"
BK_STable_3,"(1200, 800, 550)"
BK_STable_4,"(1618, 770, 745)"
BK_STable_5,"(1713, 726, 720)"
BK_Bench_1,"(999, 450, 279)"
BK_Bench_2,"(1050, 450, 360)"
BK_Bench_3,"(1800, 395, 405)"
BK_Bench_4,"(1100, 449, 400)"
BK_Bench_5,"(1100, 831, 569)"
BK_DeskChairs_1,"(560, 914, 596)"
BK_DeskChairs_2,"(645, 1053, 767)"
BK_DeskChairs_3,"(624, 1035, 638)"
BK_DeskChairs_4,"(761, 1252, 733)"
BK_DeskChairs_5,"(449, 861, 664)"
HOM_STC_MV1_F,"(1524, 2438, 500)"
HOM_STC_MV2_F,"(1524, 2438, 500)"
HOM_STC_MV3_F,"(1524, 2438, 500)"
HOM_STC_MMV1_F,"(1524, 2438, 500)"
HOM_STC_MMV2_F,"(1524, 2438, 500)"
HOM_STC_MMV3_F,"(1524, 2438, 500)"
HOM_STC_SV1_F,"(1524, 2438, 500)"
HOM_STC_SV2_F,"(1524, 2438, 500)"
HOM_STC_SV3_F,"(1524, 2438, 500)"
HOM_STC_IV1_F,"(1524, 2438, 500)"
HOM_STC_IV2_F,"(1524, 2438, 500)"
HOM_STC_IV3_F,"(1524, 2438, 500)"
HOM_STC_MV1_H,"(1524, 949, 350)"
HOM_STC_MV2_H,"(1524, 949, 350)"
HOM_STC_MV3_H,"(1524, 949, 350)"
HOM_STC_MMV1_H,"(1524, 949, 350)"
HOM_STC_MMV2_H,"(1524, 949, 350)"
HOM_STC_MMV3_H,"(1524, 949, 350)"
HOM_STC_SV1_H,"(1524, 949, 350)"
HOM_STC_SV2_H,"(1524, 949, 350)"
HOM_STC_SV3_H,"(1524, 949, 350)"
HOM_STC_IV1_H,"(1524, 949, 350)"
HOM_STC_IV2_H,"(1524, 949, 350)"
HOM_STC_IV3_H,"(1524, 949, 350)"
Main_Gate_Door_900,"(899, 2150, 200)"
Interior_Doors_600_100,"(691, 2150, 110)"
Interior_Doors_600_150,"(691, 2150, 160)"
Interior_Doors_600_200,"(691, 2150, 210)"
Interior_Doors_650_100,"(741, 2150, 110)"
Interior_Doors_650_150,"(741, 2150, 159)"
Interior_Doors_650_200,"(741, 2150, 209)"
Interior_Doors_700_100,"(808, 2150, 110)"
Interior_Doors_700_150,"(808, 2150, 160)"
Interior_Doors_700_200,"(808, 2150, 210)"
Interior_Doors_750_100,"(858, 2150, 110)"
Interior_Doors_750_150,"(858, 2150, 160)"
Interior_Doors_750_200,"(808, 2150, 210)"
Interior_Doors_800_100,"(908, 2150, 160)"
Interior_Doors_800_150,"(908, 2150, 210)"
Interior_Doors_800_200,"(908, 2150, 210)"
Window_A_500,"(500, 2000, 22)"
Window_B_500,"(500, 500, 22)"
HOM_ALClearSwing_Rm_Door_A_1,"(991, 2150, 99)"
HOM_ALClearSwing_Rm_Door_A_2,"(991, 2150, 99)"
HOM_ALClearSwing_Rm_Door_A_3,"(991, 2150, 99)"
HOM_ALClearSwing_Rm_Door_A_4,"(991, 2150, 99)"
HOM_AluminumBifold_Rm_Door_1,"(991, 2150, 110)"
HOM_AluminumBifold_Rm_Door_2,"(991, 2150, 110)"
HOM_AluminumBifold_Rm_Door_M,"(1100, 2160, 110)"
HOM_AluminumBifold_Rm_Door_Portal,"(699, 1120, 109)"
HOM_Slide_Rm_Door_1,"(1800, 2150, 128)"
HOM_SlideSwing_Rm_Door_1,"(1004, 2150, 128)"
HOM_SlideSwing_Rm_Door_2,"(1004, 2150, 128)"
HOM_ALBifold_RestRm_D1_1,"(991, 2160, 110)"
HOM_ALBifold_RestRm_D1_2,"(991, 2160, 110)"
HOM_ALBifold_RestRm_D1_3,"(991, 2160, 110)"
HOM_ALBifold_RestRm_D1_4,"(991, 2160, 110)"
HOM_ALBifold_RestRm_D1_5,"(991, 2160, 110)"
HOM_ALBifold_RestRm_D1_6,"(991, 2160, 110)"
HOM_ALBifold_RestRm_D2_1,"(991, 2160, 110)"
HOM_ALBifold_RestRm_D2_2,"(991, 2160, 110)"
HOM_ALBifold_RestRm_D2_3,"(991, 2160, 110)"
HOM_ALBifold_RestRm_D2_4,"(991, 2160, 110)"
HOM_ALBifold_RestRm_D2_5,"(991, 2160, 110)"
HOM_ALBifold_RestRm_D2_6,"(991, 2160, 110)"
HOM_SSwing_RestRm_D1_1,"(991, 2150, 128)"
HOM_SSwing_RestRm_D1_2,"(991, 2150, 128)"
HOM_SSwing_RestRm_D1_3,"(991, 2150, 128)"
HOM_SSwing_RestRm_D1_4,"(991, 2150, 128)"
HOM_SSwing_RestRm_D1_5,"(991, 2150, 128)"
HOM_ Classic_Rm_Door_1,"(991, 2150, 117)"
HOM_Classic_Rm_Door_1_1,"(991, 2150, 117)"
HOM_Classic_Rm_Door_1_2,"(991, 2150, 117)"
HOM_Classic_Rm_Door_1_3,"(991, 2150, 117)"
HOM_Classic_Rm_Door_1_4,"(991, 2150, 117)"
HOM_Classic_Rm_Door_1_5,"(991, 2150, 117)"
HOM_Classic_Rm_Door_2_1,"(991, 2150, 117)"
HOM_Classic_Rm_Door_2_2,"(991, 2150, 117)"
HOM_Classic_Rm_Door_2_3,"(991, 2150, 117)"
HOM_Classic_Rm_Door_2_4,"(991, 2150, 117)"
HOM_Classic_Rm_Door_2_5,"(991, 2150, 117)"
HOM_Classic_Rm_Door_3_1,"(991, 2150, 117)"
HOM_Classic_Rm_Door_3_2,"(991, 2150, 117)"
HOM_Classic_Rm_Door_3_3,"(991, 2150, 117)"
HOM_Classic_Rm_Door_3_4,"(991, 2150, 117)"
HOM_Classic_Rm_Door_3_5,"(991, 2150, 117)"
HOM_Classic_Rm_Door_4_1,"(991, 2150, 117)"
HOM_Classic_Rm_Door_4_2,"(991, 2150, 117)"
HOM_Classic_Rm_Door_4_3,"(991, 2150, 117)"
HOM_Classic_Rm_Door_4_4,"(991, 2150, 117)"
HOM_Classic_Rm_Door_4_5,"(991, 2150, 117)"
HOM_Classic_Rm_Door_5_1,"(991, 2150, 117)"
HOM_Classic_Rm_Door_5_2,"(991, 2150, 117)"
HOM_Classic_Rm_Door_5_3,"(991, 2150, 117)"
HOM_Classic_Rm_Door_5_4,"(991, 2150, 117)"
HOM_Classic_Rm_Door_5_5,"(991, 2150, 117)"
HOM_Classic_Rm_Door_1F_1,"(899, 2100, 117)"
HOM_Classic_Rm_Door_1F_2,"(899, 2100, 117)"
HOM_Classic_Rm_Door_1F_3,"(899, 2100, 117)"
HOM_Classic_Rm_Door_1F_4,"(899, 2100, 117)"
HOM_Classic_Rm_Door_1F_5,"(899, 2100, 117)"
HOM_Classic_Rm_Door_2F_1,"(891, 2100, 117)"
HOM_Classic_Rm_Door_2F_2,"(891, 2100, 117)"
HOM_Classic_Rm_Door_2F_3,"(891, 2100, 117)"
HOM_Classic_Rm_Door_2F_4,"(891, 2100, 117)"
HOM_Classic_Rm_Door_2F_5,"(891, 2100, 117)"
HOM_Classic_Rm_Door_3F_1,"(898, 2095, 117)"
HOM_Classic_Rm_Door_3F_2,"(898, 2095, 117)"
HOM_Classic_Rm_Door_3F_3,"(898, 2095, 117)"
HOM_Classic_Rm_Door_3F_4,"(898, 2095, 117)"
HOM_Classic_Rm_Door_3F_5,"(898, 2095, 117)"
HOM_Classic_Rm_Door_4F_1,"(898, 2095, 117)"
HOM_Classic_Rm_Door_4F_2,"(898, 2095, 117)"
HOM_Classic_Rm_Door_4F_3,"(898, 2095, 117)"
HOM_Classic_Rm_Door_4F_4,"(898, 2095, 117)"
HOM_Classic_Rm_Door_4F_5,"(898, 2095, 117)"
HOM_Classic_Rm_Door_5F_1,"(897, 2095, 117)"
HOM_Classic_Rm_Door_5F_2,"(897, 2095, 117)"
HOM_Classic_Rm_Door_5F_3,"(897, 2095, 117)"
HOM_Classic_Rm_Door_5F_4,"(897, 2095, 117)"
HOM_Classic_Rm_Door_5F_5,"(897, 2095, 117)"
HOM_Laminate_Rm_Door_1_1,"(991, 2150, 117)"
HOM_Laminate_Rm_Door_1_2,"(991, 2150, 117)"
HOM_Laminate_Rm_Door_1_3,"(991, 2150, 117)"
HOM_Laminate_Rm_Door_1_4,"(991, 2150, 117)"
HOM_Laminate_Rm_Door_1_5,"(991, 2150, 117)"
HOM_Laminate_Rm_Door_1_6,"(991, 2150, 117)"
HOM_Laminate_Rm_Door_1F_1,"(899, 2100, 117)"
HOM_Laminate_Rm_Door_1F_2,"(899, 2100, 117)"
HOM_Laminate_Rm_Door_1F_3,"(899, 2100, 117)"
HOM_Laminate_Rm_Door_1F_4,"(899, 2100, 117)"
HOM_Laminate_Rm_Door_1F_5,"(899, 2100, 117)"
HOM_Laminate_Rm_Door_1F_6,"(899, 2100, 117)"
HOM_Laminate_Frame_1_1,"(991, 2150, 110)"
HOM_Laminate_Frame_1_2,"(991, 2150, 110)"
HOM_Laminate_Frame_1_3,"(991, 2150, 110)"
HOM_Laminate_Frame_1_4,"(991, 2150, 110)"
HOM_Laminate_Frame_1_5,"(991, 2150, 110)"
HOM_Laminate_Frame_1_6,"(991, 2150, 110)"
HOM_ Nyatoh_Rm_Door_1,"(0, 0, 0)"
HOM_Nyatoh_Frame_1_1,"(991, 2150, 94)"
HOM_Timber_Rm_Door_1,"(991, 2150, 117)"
HOM_WoodDoorSL_1_Door,"(2105, 2224, 49)"
HOM_WoodDoorSL_2_Door,"(2105, 2224, 104)"
HOM_WoodDoorSL_1_DoorPanel,"(1000, 2099, 24)"
HOM_WoodDoorSL_2_DoorPanel,"(1000, 2099, 92)"
HOM_Timber_Rm_Door_1_1,"(991, 2150, 117)"
HOM_Timber_Rm_Door_1_2,"(991, 2150, 117)"
HOM_Timber_Rm_Door_1_3,"(991, 2150, 117)"
HOM_Timber_Rm_Door_1_4,"(991, 2150, 117)"
HOM_Timber_Rm_Door_1_5,"(991, 2150, 117)"
HOM_Timber_Rm_Door_2_1,"(991, 2150, 117)"
HOM_Timber_Rm_Door_2_2,"(991, 2150, 117)"
HOM_Timber_Rm_Door_2_3,"(991, 2150, 117)"
HOM_Timber_Rm_Door_2_4,"(991, 2150, 117)"
HOM_Timber_Rm_Door_2_5,"(991, 2150, 117)"
HOM_Timber_Rm_Door_3_1,"(991, 2150, 117)"
HOM_Timber_Rm_Door_3_2,"(991, 2150, 117)"
HOM_Timber_Rm_Door_3_3,"(991, 2150, 117)"
HOM_Timber_Rm_Door_3_4,"(991, 2150, 117)"
HOM_Timber_Rm_Door_3_5,"(991, 2150, 117)"
HOM_Timber_Rm_Door_4_1,"(991, 2150, 117)"
HOM_Timber_Rm_Door_4_2,"(991, 2150, 117)"
HOM_Timber_Rm_Door_4_3,"(991, 2150, 117)"
HOM_Timber_Rm_Door_4_4,"(991, 2150, 117)"
HOM_Timber_Rm_Door_4_5,"(991, 2150, 117)"
HOM_Timber_Rm_Door_5_1,"(991, 2150, 117)"
HOM_Timber_Rm_Door_5_2,"(991, 2150, 117)"
HOM_Timber_Rm_Door_5_3,"(991, 2150, 117)"
HOM_Timber_Rm_Door_5_4,"(991, 2150, 117)"
HOM_Timber_Rm_Door_5_5,"(991, 2150, 117)"
HOM_Timber_Rm_Door_1,"(991, 2150, 117)"
HOM_4BI_1,"(2007, 2100, 34)"
HOM_4BI_2,"(2000, 2100, 34)"
HOM_4BI_3,"(2000, 2100, 34)"
HOM_4BI_4,"(2007, 1200, 34)"
HOM_4BI_5,"(2000, 1200, 34)"
HOM_4BI_6,"(2000, 1200, 34)"
HOM_ClrDoorBI_1,"(899, 2100, 67)"
HOM_ClrDoorBI_2,"(899, 2100, 67)"
HOM_ClrDoorBI_3,"(899, 2100, 67)"
HOM_ClrDoorBI_4,"(899, 2100, 67)"
HOM_ClrDoorBI_5,"(898, 2100, 67)"
HOM_ClrDoorSL_1,"(1905, 2224, 49)"
HOM_ClrDoorSL_2,"(900, 2119, 49)"
HOM_ClrDoorSL_3,"(1905, 2224, 49)"
HOM_ClrDoorSL_4,"(900, 2119, 49)"
HOM_ClrDoorSL_5,"(900, 2119, 49)"
HOM_ClrDoorSL_6,"(900, 2119, 49)"
HOM_ClrDoorSL_7,"(1905, 2224, 49)"
HOM_ClrDoorSL_8,"(900, 2099, 49)"
HOM_ClrDoorSW_1,"(904, 2099, 74)"
HOM_ClrDoorSW_2,"(904, 2099, 74)"
HOM_ClrDoorSW_3,"(904, 2099, 74)"
HOM_ClrDoorSW_4,"(904, 2099, 74)"
HOM_ClrDoorSW_5,"(904, 2099, 74)"
HOM_ClrDoorSW_6,"(904, 2099, 74)"
HOM_ClrDoorSW_7,"(904, 2099, 74)"
HOM_ClrDoorSW_8,"(904, 2099, 74)"
HOM_ClrDoorSW_9,"(904, 2099, 74)"
HOM_ClrDoorSW_10,"(899, 2099, 74)"
HOM_Casement_Window_A_1,"(1799, 1500, 22)"
HOM_Casement_Window_A_2,"(1799, 1500, 22)"
HOM_Casement_Window_A_3,"(1799, 1500, 22)"
HOM_Casement_Window_A_4,"(1799, 1500, 22)"
HOM_Casement_Window_B_1,"(2207, 1500, 22)"
HOM_Casement_Window_B_2,"(2207, 1500, 22)"
HOM_Casement_Window_B_3,"(2207, 1500, 22)"
HOM_Casement_Window_B_4,"(2207, 1500, 22)"
HOM_Casement_Window_C_1,"(1799, 1500, 141)"
HOM_Casement_Window_C_2,"(1799, 1500, 141)"
HOM_Casement_Window_C_3,"(1799, 1500, 141)"
HOM_Casement_Window_C_4,"(1799, 1500, 141)"
HOM_2_Sliding_Window_A_1,"(3559, 1500, 54)"
HOM_2_Sliding_Window_A_2,"(3559, 1500, 54)"
HOM_2_Sliding_Window_A_3,"(3559, 1500, 54)"
HOM_2_Sliding_Window_A_4,"(3559, 1500, 54)"
HOM_3_Sliding_Window_A_1,"(2680, 1500, 81)"
HOM_3_Sliding_Window_A_2,"(2680, 1500, 81)"
HOM_3_Sliding_Window_A_3,"(2680, 1500, 81)"
HOM_3_Sliding_Window_A_4,"(2680, 1500, 81)"
HOM_1_TopHung_Window_A_1,"(600, 600, 138)"
HOM_1_TopHung_Window_A_2,"(600, 600, 138)"
HOM_1_TopHung_Window_A_3,"(600, 600, 138)"
HOM_1_TopHung_Window_A_4,"(600, 600, 138)"
HOM_2_TopHung_Window_A_1,"(1200, 600, 138)"
HOM_2_TopHung_Window_A_2,"(1200, 600, 138)"
HOM_2_TopHung_Window_A_3,"(1200, 600, 138)"
HOM_2_TopHung_Window_A_4,"(1200, 600, 138)"
HOM_Aluminium_WindowGrille_A_1,"(2680, 1500, 99)"
HOM_Aluminium_WindowGrille_A_2,"(2680, 1500, 99)"
HOM_Aluminium_WindowGrille_A_3,"(2680, 1500, 99)"
HOM_Aluminium_WindowGrille_A_4,"(2680, 1500, 99)"
HOM_Aluminium_WindowGrille_B_1,"(2681, 1500, 99)"
HOM_Aluminium_WindowGrille_B_2,"(2681, 1500, 99)"
HOM_Aluminium_WindowGrille_B_3,"(2681, 1500, 99)"
HOM_Aluminium_WindowGrille_B_4,"(2681, 1500, 99)"
HOM_Aluminium_WindowGrille_C_1,"(2681, 1500, 99)"
HOM_Aluminium_WindowGrille_C_2,"(2681, 1500, 99)"
HOM_Aluminium_WindowGrille_C_3,"(2681, 1500, 99)"
HOM_Aluminium_WindowGrille_C_4,"(2681, 1500, 99)"
HOM_Aluminium_WindowGrille_D_1,"(2681, 1500, 99)"
HOM_Aluminium_WindowGrille_D_2,"(2681, 1500, 99)"
HOM_Aluminium_WindowGrille_D_3,"(2681, 1500, 99)"
HOM_Aluminium_WindowGrille_D_4,"(2681, 1500, 99)"
HOM_Aluminium_PetWindowGrille_A_1,"(2680, 1500, 99)"
HOM_Aluminium_PetWindowGrille_A_2,"(2680, 1500, 99)"
HOM_Aluminium_PetWindowGrille_A_3,"(2680, 1500, 99)"
HOM_Aluminium_PetWindowGrille_A_4,"(2680, 1500, 99)"
HOM_SScreen_1,"(899, 1828, 15)"
HOM_SScreen_1_2,"(899, 1828, 19)"
HOM_SScreen_1_3,"(899, 1828, 19)"
HOM_SScreen_1_4,"(899, 1828, 15)"
HOM_SScreen_1_5,"(899, 1828, 19)"
HOM_SScreen_1_6,"(899, 1828, 15)"
HOM_SScreen_1_6_R,"(899, 1828, 15)"
HOM_SScreenD_1,"(1018, 1828, 128)"
HOM_SScreenD_1_2,"(1018, 1828, 128)"
HOM_SScreenD_1_3,"(1018, 1828, 128)"
HOM_SScreenD_1_4,"(1018, 1828, 128)"
HOM_SScreenD_1_5_R,"(1018, 1828, 128)"
HOM_SScreenD_2,"(1021, 1828, 90)"
HOM_SScreenD_2_2,"(1021, 1828, 80)"
HOM_SScreenD_2_3,"(1021, 1828, 80)"
HOM_SScreenD_2_2_R,"(1021, 1828, 80)"
HOM_SScreenD_2_3_R,"(1021, 1828, 80)"
HOM_SScreenD_2_4_R,"(1021, 1828, 90)"
HOM_SScreenD_3,"(1000, 1828, 1000)"
HOM_SScreenD_3_2,"(1000, 1828, 1000)"
HOM_SScreenD_3_3,"(1000, 1828, 1000)"
HOM_SScreenD_3_2_R,"(1335, 1828, 928)"
HOM_SScreenD_3_3_R,"(1335, 1828, 928)"
HOM_SScreenD_3_4_R,"(1335, 1828, 925)"
HOM_SScreenD_4,"(1012, 1828, 1500)"
HOM_SScreenD_4_2,"(1012, 1828, 1500)"
HOM_SScreenD_4_3,"(1012, 1828, 1500)"
HOM_SScreenD_4_2_R,"(1793, 1828, 816)"
HOM_SScreenD_4_3_R,"(1793, 1828, 816)"
HOM_SScreenD_4_4_R,"(1793, 1828, 816)"
HOM_BKSPLASH_1,"(2438, 609, 15)"
HOM_BKSPLASH_2,"(2438, 609, 15)"
HOM_BKSPLASH_3,"(2438, 609, 15)"
HOM_BKSPLASH_4,"(2438, 609, 15)"
HOM_BKSPLASH_5,"(2438, 609, 15)"
HOM_BKSPLASH_6,"(2438, 609, 15)"
HOM_BKSPLASH_7,"(2438, 609, 15)"
HOM_BKSPLASH_8,"(2438, 609, 15)"
HOM_Mirror_150008,"(899, 1799, 5)"
HOM_Mirror_150009,"(899, 1799, 5)"
HOM_Mirror_150010,"(899, 1799, 5)"
HOM_Mirror_150012,"(899, 1500, 5)"
HOM_Mirror_150013,"(1500, 899, 5)"
HOM_Mirror_150014,"(1000, 2699, 5)"
HOM_Mirror_150015,"(1000, 2699, 5)"
HOM_Mirror_150016,"(1000, 2699, 5)"
HOM_Mirror_150017,"(1000, 1499, 5)"
HOM_Mirror_150018,"(1000, 1499, 5)"
HOM_Mirror_150019,"(1000, 1499, 5)"
HOM_Fixed_Panel_1,"(500, 499, 9)"
HOM_Fixed_Panel_2,"(500, 499, 9)"
HOM_Fixed_Panel_3,"(500, 499, 9)"
HOM_Fixed_Panel_4,"(500, 499, 9)"
HOM_Fixed_Panel_5,"(500, 499, 9)"
HOM_Fixed_Panel_6,"(500, 500, 5)"
HOM_Fixed_Panel_7,"(500, 500, 5)"
HOM_Fixed_Panel_8,"(500, 500, 5)"
HOM_OWMirror,"(1500, 899, 5)"
